Sector,Level,Job Title
Legislative and senior management occupations,Legislative and senior management,Legislators
Legislative and senior management occupations,Legislative and senior management,Senior government managers and officials
Legislative and senior management occupations,Legislative and senior management,"Senior managers - financial, communications and other business services"
Legislative and senior management occupations,Legislative and senior management,"Senior managers - health, education, social and community services and membership organizations"
Legislative and senior management occupations,Legislative and senior management,"Senior managers - trade, broadcasting and other services"
Legislative and senior management occupations,Legislative and senior management,"Senior managers - construction, transportation, production and utilities"
"Business, finance and administration occupations",Legislative and senior management,Financial managers
"Business, finance and administration occupations",Legislative and senior management,Human resources managers
"Business, finance and administration occupations",Legislative and senior management,Purchasing managers
"Business, finance and administration occupations",Legislative and senior management,Other administrative services managers
"Business, finance and administration occupations",Legislative and senior management,"Insurance, real estate and financial brokerage managers"
"Business, finance and administration occupations",Legislative and senior management,"Banking, credit and other investment managers"
"Business, finance and administration occupations",Legislative and senior management,"Advertising, marketing and public relations managers"
"Business, finance and administration occupations",Legislative and senior management,Other business services managers
"Business, finance and administration occupations",Legislative and senior management,Telecommunication carriers managers 
"Business, finance and administration occupations",University degree,Financial auditors and accountants
"Business, finance and administration occupations",University degree,Financial and investment analysts
"Business, finance and administration occupations",University degree,Financial advisors
"Business, finance and administration occupations",University degree,"Securities agents, investment dealers and brokers"
"Business, finance and administration occupations",University degree,Other financial officers
"Business, finance and administration occupations",University degree,Human resources professionals
"Business, finance and administration occupations",University degree,Professional occupations in business management consulting
"Business, finance and administration occupations",University degree,"Professional occupations in advertising, marketing and public relations"
"Business, finance and administration occupations",A college diploma or apprenticeship training of two or more years; or supervisory occupations,"Supervisors, general office and administrative support workers"
"Business, finance and administration occupations",A college diploma or apprenticeship training of two or more years; or supervisory occupations,"Supervisors, finance and insurance office workers "
"Business, finance and administration occupations",A college diploma or apprenticeship training of two or more years; or supervisory occupations,"Supervisors, library, correspondence and related information workers "
"Business, finance and administration occupations",A college diploma or apprenticeship training of two or more years; or supervisory occupations,"Supervisors, supply chain, tracking and scheduling coordination occupations "
"Business, finance and administration occupations",A college diploma or apprenticeship training of two or more years; or supervisory occupations,Executive assistants
"Business, finance and administration occupations",A college diploma or apprenticeship training of two or more years; or supervisory occupations,Human resources and recruitment officers
"Business, finance and administration occupations",A college diploma or apprenticeship training of two or more years; or supervisory occupations,Procurement and purchasing agents and officers
"Business, finance and administration occupations",A college diploma or apprenticeship training of two or more years; or supervisory occupations,Conference and event planners
"Business, finance and administration occupations",A college diploma or apprenticeship training of two or more years; or supervisory occupations,Employment insurance and revenue officers
"Business, finance and administration occupations",A college diploma or apprenticeship training of two or more years; or supervisory occupations,"Court reporters, medical transcriptionists and related occupations"
"Business, finance and administration occupations",A college diploma or apprenticeship training of two or more years; or supervisory occupations,Health information management occupations
"Business, finance and administration occupations",A college diploma or apprenticeship training of two or more years; or supervisory occupations,Records management technicians
"Business, finance and administration occupations",A college diploma or apprenticeship training of two or more years; or supervisory occupations,Statistical officers and related research support occupations
"Business, finance and administration occupations",A college diploma or apprenticeship training of two or more years; or supervisory occupations,Accounting technicians and bookkeepers
"Business, finance and administration occupations",A college diploma or apprenticeship training of two or more years; or supervisory occupations,Insurance adjusters and claims examiners
"Business, finance and administration occupations",A college diploma or apprenticeship training of two or more years; or supervisory occupations,Insurance underwriters
"Business, finance and administration occupations",A college diploma or apprenticeship training of two or more years; or supervisory occupations,"Assessors, business valuators and appraisers"
"Business, finance and administration occupations",A college diploma or apprenticeship training of less than two years; or more than six months of on-the-job training,Administrative officers 
"Business, finance and administration occupations",A college diploma or apprenticeship training of less than two years; or more than six months of on-the-job training,Property administrators 
"Business, finance and administration occupations",A college diploma or apprenticeship training of less than two years; or more than six months of on-the-job training,Payroll administrators 
"Business, finance and administration occupations",A college diploma or apprenticeship training of less than two years; or more than six months of on-the-job training,Administrative assistants
"Business, finance and administration occupations",A college diploma or apprenticeship training of less than two years; or more than six months of on-the-job training,Legal administrative assistants
"Business, finance and administration occupations",A college diploma or apprenticeship training of less than two years; or more than six months of on-the-job training,Medical administrative assistants
"Business, finance and administration occupations",A college diploma or apprenticeship training of less than two years; or more than six months of on-the-job training,"Customs, ship and other brokers "
"Business, finance and administration occupations",A college diploma or apprenticeship training of less than two years; or more than six months of on-the-job training,Production and transportation logistics coordinators
"Business, finance and administration occupations",A secondary school diploma; or several weeks of on-the-job training,General office support workers
"Business, finance and administration occupations",A secondary school diploma; or several weeks of on-the-job training,Receptionists
"Business, finance and administration occupations",A secondary school diploma; or several weeks of on-the-job training,Personnel clerks
"Business, finance and administration occupations",A secondary school diploma; or several weeks of on-the-job training,Court clerks and related court services occupations
"Business, finance and administration occupations",A secondary school diploma; or several weeks of on-the-job training,Survey interviewers and statistical clerks 
"Business, finance and administration occupations",A secondary school diploma; or several weeks of on-the-job training,Data entry clerks
"Business, finance and administration occupations",A secondary school diploma; or several weeks of on-the-job training,Desktop publishing operators and related occupations
"Business, finance and administration occupations",A secondary school diploma; or several weeks of on-the-job training,Accounting and related clerks
"Business, finance and administration occupations",A secondary school diploma; or several weeks of on-the-job training,"Banking, insurance and other financial clerks"
"Business, finance and administration occupations",A secondary school diploma; or several weeks of on-the-job training,Collection clerks
"Business, finance and administration occupations",A secondary school diploma; or several weeks of on-the-job training,Library assistants and clerks
"Business, finance and administration occupations",A secondary school diploma; or several weeks of on-the-job training,"Correspondence, publication and regulatory clerks"
"Business, finance and administration occupations",A secondary school diploma; or several weeks of on-the-job training,Shippers and receivers
"Business, finance and administration occupations",A secondary school diploma; or several weeks of on-the-job training,Storekeepers and partspersons
"Business, finance and administration occupations",A secondary school diploma; or several weeks of on-the-job training,Production logistics workers
"Business, finance and administration occupations",A secondary school diploma; or several weeks of on-the-job training,Purchasing and inventory control workers
"Business, finance and administration occupations",A secondary school diploma; or several weeks of on-the-job training,Dispatchers
"Business, finance and administration occupations",A secondary school diploma; or several weeks of on-the-job training,Transportation route and crew schedulers
Natural and applied sciences and related occupations,Legislative and senior management,Engineering managers
Natural and applied sciences and related occupations,Legislative and senior management,Architecture and science managers
Natural and applied sciences and related occupations,Legislative and senior management,Computer and information systems managers
Natural and applied sciences and related occupations,University degree,Physicists and astronomers
Natural and applied sciences and related occupations,University degree,Chemists
Natural and applied sciences and related occupations,University degree,Geoscientists and oceanographers
Natural and applied sciences and related occupations,University degree,Meteorologists and climatologists
Natural and applied sciences and related occupations,University degree,Other professional occupations in physical sciences
Natural and applied sciences and related occupations,University degree,Biologists and related scientists
Natural and applied sciences and related occupations,University degree,Forestry professionals
Natural and applied sciences and related occupations,University degree,"Agricultural representatives, consultants and specialists"
Natural and applied sciences and related occupations,University degree,Public and environmental health and safety professionals 
Natural and applied sciences and related occupations,University degree,Architects
Natural and applied sciences and related occupations,University degree,Landscape architects
Natural and applied sciences and related occupations,University degree,Urban and land use planners
Natural and applied sciences and related occupations,University degree,Land surveyors
Natural and applied sciences and related occupations,University degree,"Mathematicians, statisticians and actuaries"
Natural and applied sciences and related occupations,University degree,Data scientists 
Natural and applied sciences and related occupations,University degree,Cybersecurity specialists 
Natural and applied sciences and related occupations,University degree,Business systems specialists
Natural and applied sciences and related occupations,University degree,Information systems specialists
Natural and applied sciences and related occupations,University degree,Database analysts and data administrators 
Natural and applied sciences and related occupations,University degree,Computer systems developers and programmers 
Natural and applied sciences and related occupations,University degree,Software engineers and designers 
Natural and applied sciences and related occupations,University degree,Software developers and programmers 
Natural and applied sciences and related occupations,University degree,Web designers
Natural and applied sciences and related occupations,University degree,Web developers and programmers 
Natural and applied sciences and related occupations,University degree,Civil engineers 
Natural and applied sciences and related occupations,University degree,Mechanical engineers 
Natural and applied sciences and related occupations,University degree,Electrical and electronics engineers 
Natural and applied sciences and related occupations,University degree,Computer engineers (except software engineers and designers)
Natural and applied sciences and related occupations,University degree,Chemical engineers 
Natural and applied sciences and related occupations,University degree,Industrial and manufacturing engineers 
Natural and applied sciences and related occupations,University degree,Metallurgical and materials engineers 
Natural and applied sciences and related occupations,University degree,Mining engineers 
Natural and applied sciences and related occupations,University degree,Geological engineers 
Natural and applied sciences and related occupations,University degree,Petroleum engineers 
Natural and applied sciences and related occupations,University degree,Aerospace engineers
Natural and applied sciences and related occupations,University degree,Other professional engineers
Natural and applied sciences and related occupations,A college diploma or apprenticeship training of two or more years; or supervisory occupations,Chemical technologists and technicians
Natural and applied sciences and related occupations,A college diploma or apprenticeship training of two or more years; or supervisory occupations,Geological and mineral technologists and technicians
Natural and applied sciences and related occupations,A college diploma or apprenticeship training of two or more years; or supervisory occupations,Biological technologists and technicians
Natural and applied sciences and related occupations,A college diploma or apprenticeship training of two or more years; or supervisory occupations,Agricultural and fish products inspectors
Natural and applied sciences and related occupations,A college diploma or apprenticeship training of two or more years; or supervisory occupations,Forestry technologists and technicians
Natural and applied sciences and related occupations,A college diploma or apprenticeship training of two or more years; or supervisory occupations,Conservation and fishery officers
Natural and applied sciences and related occupations,A college diploma or apprenticeship training of two or more years; or supervisory occupations,Landscape and horticulture technicians and specialists
Natural and applied sciences and related occupations,A college diploma or apprenticeship training of two or more years; or supervisory occupations,Architectural technologists and technicians
Natural and applied sciences and related occupations,A college diploma or apprenticeship training of two or more years; or supervisory occupations,Industrial designers
Natural and applied sciences and related occupations,A college diploma or apprenticeship training of two or more years; or supervisory occupations,Drafting technologists and technicians
Natural and applied sciences and related occupations,A college diploma or apprenticeship training of two or more years; or supervisory occupations,Land survey technologists and technicians
Natural and applied sciences and related occupations,A college diploma or apprenticeship training of two or more years; or supervisory occupations,Technical occupations in geomatics and meteorology 
Natural and applied sciences and related occupations,A college diploma or apprenticeship training of two or more years; or supervisory occupations,Computer network and web technicians 
Natural and applied sciences and related occupations,A college diploma or apprenticeship training of two or more years; or supervisory occupations,User support technicians
Natural and applied sciences and related occupations,A college diploma or apprenticeship training of two or more years; or supervisory occupations,Information systems testing technicians
Natural and applied sciences and related occupations,A college diploma or apprenticeship training of two or more years; or supervisory occupations,Non-destructive testers and inspectors
Natural and applied sciences and related occupations,A college diploma or apprenticeship training of two or more years; or supervisory occupations,Engineering inspectors and regulatory officers
Natural and applied sciences and related occupations,A college diploma or apprenticeship training of two or more years; or supervisory occupations,Occupational health and safety specialists
Natural and applied sciences and related occupations,A college diploma or apprenticeship training of two or more years; or supervisory occupations,Construction inspectors
Natural and applied sciences and related occupations,A college diploma or apprenticeship training of two or more years; or supervisory occupations,Civil engineering technologists and technicians
Natural and applied sciences and related occupations,A college diploma or apprenticeship training of two or more years; or supervisory occupations,Mechanical engineering technologists and technicians
Natural and applied sciences and related occupations,A college diploma or apprenticeship training of two or more years; or supervisory occupations,Industrial engineering and manufacturing technologists and technicians
Natural and applied sciences and related occupations,A college diploma or apprenticeship training of two or more years; or supervisory occupations,Construction estimators
Natural and applied sciences and related occupations,A college diploma or apprenticeship training of two or more years; or supervisory occupations,Electrical and electronics engineering technologists and technicians
Natural and applied sciences and related occupations,A college diploma or apprenticeship training of two or more years; or supervisory occupations,Electronic service technicians (household and business equipment)
Natural and applied sciences and related occupations,A college diploma or apprenticeship training of two or more years; or supervisory occupations,Industrial instrument technicians and mechanics
Natural and applied sciences and related occupations,A college diploma or apprenticeship training of two or more years; or supervisory occupations,"Aircraft instrument, electrical and avionics mechanics, technicians and inspectors"
Health occupations,Legislative and senior management,Managers in health care
Health occupations,University degree,Specialists in clinical and laboratory medicine
Health occupations,University degree,Specialists in surgery 
Health occupations,University degree,General practitioners and family physicians 
Health occupations,University degree,Veterinarians 
Health occupations,University degree,Dentists 
Health occupations,University degree,Optometrists 
Health occupations,University degree,Audiologists and speech-language pathologists 
Health occupations,University degree,Pharmacists
Health occupations,University degree,Dietitians and nutritionists
Health occupations,University degree,Psychologists 
Health occupations,University degree,Chiropractors 
Health occupations,University degree,Physiotherapists 
Health occupations,University degree,Occupational therapists 
Health occupations,University degree,Kinesiologists and other professional occupations in therapy and assessment
Health occupations,University degree,Other professional occupations in health diagnosing and treating 
Health occupations,University degree,Nursing coordinators and supervisors
Health occupations,University degree,Registered nurses and registered psychiatric nurses
Health occupations,University degree,Nurse practitioners 
Health occupations,University degree,"Physician assistants, midwives and allied health professionals  "
Health occupations,A college diploma or apprenticeship training of two or more years; or supervisory occupations,Opticians
Health occupations,A college diploma or apprenticeship training of two or more years; or supervisory occupations,Licensed practical nurses
Health occupations,A college diploma or apprenticeship training of two or more years; or supervisory occupations,Paramedical occupations
Health occupations,A college diploma or apprenticeship training of two or more years; or supervisory occupations,"Respiratory therapists, clinical perfusionists and cardiopulmonary technologists "
Health occupations,A college diploma or apprenticeship training of two or more years; or supervisory occupations,Animal health technologists and veterinary technicians 
Health occupations,A college diploma or apprenticeship training of two or more years; or supervisory occupations,Other technical occupations in therapy and assessment
Health occupations,A college diploma or apprenticeship training of two or more years; or supervisory occupations,Denturists
Health occupations,A college diploma or apprenticeship training of two or more years; or supervisory occupations,Dental hygienists and dental therapists
Health occupations,A college diploma or apprenticeship training of two or more years; or supervisory occupations,Dental technologists and technicians 
Health occupations,A college diploma or apprenticeship training of two or more years; or supervisory occupations,Medical laboratory technologists
Health occupations,A college diploma or apprenticeship training of two or more years; or supervisory occupations,Medical radiation technologists
Health occupations,A college diploma or apprenticeship training of two or more years; or supervisory occupations,Medical sonographers
Health occupations,A college diploma or apprenticeship training of two or more years; or supervisory occupations,Cardiology technologists and electrophysiological diagnostic technologists
Health occupations,A college diploma or apprenticeship training of two or more years; or supervisory occupations,Pharmacy technicians
Health occupations,A college diploma or apprenticeship training of two or more years; or supervisory occupations,Other medical technologists and technicians
Health occupations,A college diploma or apprenticeship training of two or more years; or supervisory occupations,Traditional Chinese medicine practitioners and acupuncturists
Health occupations,A college diploma or apprenticeship training of two or more years; or supervisory occupations,Massage therapists 
Health occupations,A college diploma or apprenticeship training of two or more years; or supervisory occupations,Other practitioners of natural healing 
Health occupations,A college diploma or apprenticeship training of less than two years; or more than six months of on-the-job training,Dental assistants and dental laboratory assistants
Health occupations,A college diploma or apprenticeship training of less than two years; or more than six months of on-the-job training,Medical laboratory assistants and related technical occupations
Health occupations,A college diploma or apprenticeship training of less than two years; or more than six months of on-the-job training,"Nurse aides, orderlies and patient service associates"
Health occupations,A college diploma or apprenticeship training of less than two years; or more than six months of on-the-job training,Pharmacy technical assistants and pharmacy assistants
Health occupations,A college diploma or apprenticeship training of less than two years; or more than six months of on-the-job training,Other assisting occupations in support of health services
"Occupations in education, law and social, community and government services",Legislative and senior management,Government managers - health and social policy development and program administration
"Occupations in education, law and social, community and government services",Legislative and senior management,"Government managers - economic analysis, policy development and program administration"
"Occupations in education, law and social, community and government services",Legislative and senior management,Government managers - education policy development and program administration
"Occupations in education, law and social, community and government services",Legislative and senior management,Other managers in public administration
"Occupations in education, law and social, community and government services",Legislative and senior management,Administrators - post-secondary education and vocational training
"Occupations in education, law and social, community and government services",Legislative and senior management,School principals and administrators of elementary and secondary education
"Occupations in education, law and social, community and government services",Legislative and senior management,"Managers in social, community and correctional services "
"Occupations in education, law and social, community and government services",Legislative and senior management,Commissioned police officers and related occupations in public protection services
"Occupations in education, law and social, community and government services",Legislative and senior management,Fire chiefs and senior firefighting officers
"Occupations in education, law and social, community and government services",Legislative and senior management,Commissioned officers of the Canadian Armed Forces
"Occupations in education, law and social, community and government services",University degree,Judges
"Occupations in education, law and social, community and government services",University degree,Lawyers and Quebec notaries
"Occupations in education, law and social, community and government services",University degree,University professors and lecturers
"Occupations in education, law and social, community and government services",University degree,Post-secondary teaching and research assistants
"Occupations in education, law and social, community and government services",University degree,College and other vocational instructors
"Occupations in education, law and social, community and government services",University degree,Secondary school teachers
"Occupations in education, law and social, community and government services",University degree,Elementary school and kindergarten teachers
"Occupations in education, law and social, community and government services",University degree,Social workers
"Occupations in education, law and social, community and government services",University degree,"Therapists in counselling and related specialized therapies
"
"Occupations in education, law and social, community and government services",University degree,Religious leaders
"Occupations in education, law and social, community and government services",University degree,Police investigators and other investigative occupations
"Occupations in education, law and social, community and government services",University degree,Probation and parole officers
"Occupations in education, law and social, community and government services",University degree,Educational counsellors
"Occupations in education, law and social, community and government services",University degree,Career development practitioners and career counsellors (except education)
"Occupations in education, law and social, community and government services",University degree,"Natural and applied science policy researchers, consultants and program officers"
"Occupations in education, law and social, community and government services",University degree,Economists and economic policy researchers and analysts
"Occupations in education, law and social, community and government services",University degree,Business development officers and market researchers and analysts
"Occupations in education, law and social, community and government services",University degree,"Social policy researchers, consultants and program officers"
"Occupations in education, law and social, community and government services",University degree,"Health policy researchers, consultants and program officers"
"Occupations in education, law and social, community and government services",University degree,"Education policy researchers, consultants and program officers"
"Occupations in education, law and social, community and government services",University degree,"Recreation, sports and fitness policy researchers, consultants and program officers"
"Occupations in education, law and social, community and government services",University degree,Program officers unique to government
"Occupations in education, law and social, community and government services",University degree,Other professional occupations in social science
"Occupations in education, law and social, community and government services",A college diploma or apprenticeship training of two or more years; or supervisory occupations,Police officers (except commissioned)
"Occupations in education, law and social, community and government services",A college diploma or apprenticeship training of two or more years; or supervisory occupations,Firefighters
"Occupations in education, law and social, community and government services",A college diploma or apprenticeship training of two or more years; or supervisory occupations,Specialized members of the Canadian Armed Forces
"Occupations in education, law and social, community and government services",A college diploma or apprenticeship training of two or more years; or supervisory occupations,Paralegals and related occupations
"Occupations in education, law and social, community and government services",A college diploma or apprenticeship training of two or more years; or supervisory occupations,Social and community service workers
"Occupations in education, law and social, community and government services",A college diploma or apprenticeship training of two or more years; or supervisory occupations,Early childhood educators and assistants
"Occupations in education, law and social, community and government services",A college diploma or apprenticeship training of two or more years; or supervisory occupations,Instructors of persons with disabilities
"Occupations in education, law and social, community and government services",A college diploma or apprenticeship training of two or more years; or supervisory occupations,Religion workers
"Occupations in education, law and social, community and government services",A college diploma or apprenticeship training of less than two years; or more than six months of on-the-job training,Elementary and secondary school teacher assistants 
"Occupations in education, law and social, community and government services",A college diploma or apprenticeship training of less than two years; or more than six months of on-the-job training,Other instructors 
"Occupations in education, law and social, community and government services",A college diploma or apprenticeship training of less than two years; or more than six months of on-the-job training,Sheriffs and bailiffs
"Occupations in education, law and social, community and government services",A college diploma or apprenticeship training of less than two years; or more than six months of on-the-job training,Correctional service officers
"Occupations in education, law and social, community and government services",A college diploma or apprenticeship training of less than two years; or more than six months of on-the-job training,By-law enforcement and other regulatory officers 
"Occupations in education, law and social, community and government services",A college diploma or apprenticeship training of less than two years; or more than six months of on-the-job training,"Border services, customs, and immigration officers "
"Occupations in education, law and social, community and government services",A college diploma or apprenticeship training of less than two years; or more than six months of on-the-job training,Operations Members of the Canadian Armed Forces
"Occupations in education, law and social, community and government services",A secondary school diploma; or several weeks of on-the-job training,Home child care providers
"Occupations in education, law and social, community and government services",A secondary school diploma; or several weeks of on-the-job training,"Home support workers, caregivers and related occupations "
"Occupations in education, law and social, community and government services",A secondary school diploma; or several weeks of on-the-job training,Primary combat members of the Canadian Armed Forces
"Occupations in education, law and social, community and government services",Short-term work demonstration and no formal education,"Student monitors, crossing guards and related occupations"
"Occupations in art, culture, recreation and sport",Legislative and senior management,"Library, archive, museum and art gallery managers"
"Occupations in art, culture, recreation and sport",Legislative and senior management,"Managers - publishing, motion pictures, broadcasting and performing arts"
"Occupations in art, culture, recreation and sport",Legislative and senior management,"Recreation, sports and fitness program and service directors"
"Occupations in art, culture, recreation and sport",University degree,Librarians
"Occupations in art, culture, recreation and sport",University degree,Conservators and curators
"Occupations in art, culture, recreation and sport",University degree,Archivists
"Occupations in art, culture, recreation and sport",University degree,Editors
"Occupations in art, culture, recreation and sport",University degree,Authors and writers (except technical)
"Occupations in art, culture, recreation and sport",University degree,Technical writers
"Occupations in art, culture, recreation and sport",University degree,Journalists
"Occupations in art, culture, recreation and sport",University degree,"Translators, terminologists and interpreters"
"Occupations in art, culture, recreation and sport",University degree,"Producers, directors, choreographers and related occupations"
"Occupations in art, culture, recreation and sport",University degree,"Conductors, composers and arrangers"
"Occupations in art, culture, recreation and sport",University degree,Musicians and singers
"Occupations in art, culture, recreation and sport",A college diploma or apprenticeship training of two or more years; or supervisory occupations,Library and public archive technicians
"Occupations in art, culture, recreation and sport",A college diploma or apprenticeship training of two or more years; or supervisory occupations,Film and video camera operators
"Occupations in art, culture, recreation and sport",A college diploma or apprenticeship training of two or more years; or supervisory occupations,Graphic arts technicians
"Occupations in art, culture, recreation and sport",A college diploma or apprenticeship training of two or more years; or supervisory occupations,Broadcast technicians
"Occupations in art, culture, recreation and sport",A college diploma or apprenticeship training of two or more years; or supervisory occupations,Audio and video recording technicians
"Occupations in art, culture, recreation and sport",A college diploma or apprenticeship training of two or more years; or supervisory occupations,Announcers and other broadcasters 
"Occupations in art, culture, recreation and sport",A college diploma or apprenticeship training of two or more years; or supervisory occupations,"Other technical and coordinating occupations in motion pictures, broadcasting and the performing arts"
"Occupations in art, culture, recreation and sport",A college diploma or apprenticeship training of two or more years; or supervisory occupations,Graphic designers and illustrators 
"Occupations in art, culture, recreation and sport",A college diploma or apprenticeship training of two or more years; or supervisory occupations,Interior designers and interior decorators 
"Occupations in art, culture, recreation and sport",A college diploma or apprenticeship training of less than two years; or more than six months of on-the-job training,"Registrars, restorers, interpreters and other occupations related to museum and art galleries"
"Occupations in art, culture, recreation and sport",A college diploma or apprenticeship training of less than two years; or more than six months of on-the-job training,Photographers 
"Occupations in art, culture, recreation and sport",A college diploma or apprenticeship training of less than two years; or more than six months of on-the-job training,"Motion pictures, broadcasting, photography and performing arts assistants and operators"
"Occupations in art, culture, recreation and sport",A college diploma or apprenticeship training of less than two years; or more than six months of on-the-job training,Dancers 
"Occupations in art, culture, recreation and sport",A college diploma or apprenticeship training of less than two years; or more than six months of on-the-job training,"Actors, comedians and circus performers"
"Occupations in art, culture, recreation and sport",A college diploma or apprenticeship training of less than two years; or more than six months of on-the-job training,"Painters, sculptors and other visual artists"
"Occupations in art, culture, recreation and sport",A college diploma or apprenticeship training of less than two years; or more than six months of on-the-job training,"Theatre, fashion, exhibit and other creative designers"
"Occupations in art, culture, recreation and sport",A college diploma or apprenticeship training of less than two years; or more than six months of on-the-job training,Artisans and craftspersons
"Occupations in art, culture, recreation and sport",A college diploma or apprenticeship training of less than two years; or more than six months of on-the-job training,"Patternmakers - textile, leather and fur products"
"Occupations in art, culture, recreation and sport",A college diploma or apprenticeship training of less than two years; or more than six months of on-the-job training,Athletes
"Occupations in art, culture, recreation and sport",A college diploma or apprenticeship training of less than two years; or more than six months of on-the-job training,Coaches
"Occupations in art, culture, recreation and sport",A college diploma or apprenticeship training of less than two years; or more than six months of on-the-job training,Sports officials and referees
"Occupations in art, culture, recreation and sport",A secondary school diploma; or several weeks of on-the-job training,"Program leaders and instructors in recreation, sport and fitness "
"Occupations in art, culture, recreation and sport",Short-term work demonstration and no formal education,Other performers 
Sales and service occupations,Legislative and senior management,Corporate sales managers
Sales and service occupations,Legislative and senior management,Retail and wholesale trade managers
Sales and service occupations,Legislative and senior management,Restaurant and food service managers
Sales and service occupations,Legislative and senior management,Accommodation service managers
Sales and service occupations,Legislative and senior management,Managers in customer and personal services
Sales and service occupations,A college diploma or apprenticeship training of two or more years; or supervisory occupations,Retail sales supervisors
Sales and service occupations,A college diploma or apprenticeship training of two or more years; or supervisory occupations,Food service supervisors
Sales and service occupations,A college diploma or apprenticeship training of two or more years; or supervisory occupations,Executive housekeepers
Sales and service occupations,A college diploma or apprenticeship training of two or more years; or supervisory occupations,"Accommodation, travel, tourism and related services supervisors"
Sales and service occupations,A college diploma or apprenticeship training of two or more years; or supervisory occupations,Customer and information services supervisors
Sales and service occupations,A college diploma or apprenticeship training of two or more years; or supervisory occupations,Cleaning supervisors
Sales and service occupations,A college diploma or apprenticeship training of two or more years; or supervisory occupations,Other services supervisors
Sales and service occupations,A college diploma or apprenticeship training of two or more years; or supervisory occupations,Technical sales specialists - wholesale trade
Sales and service occupations,A college diploma or apprenticeship training of two or more years; or supervisory occupations,Retail and wholesale buyers
Sales and service occupations,A college diploma or apprenticeship training of two or more years; or supervisory occupations,Chefs
Sales and service occupations,A college diploma or apprenticeship training of two or more years; or supervisory occupations,Funeral directors and embalmers 
Sales and service occupations,A college diploma or apprenticeship training of two or more years; or supervisory occupations,"Jewellers, jewellery and watch repairers and related occupations "
Sales and service occupations,A college diploma or apprenticeship training of less than two years; or more than six months of on-the-job training,Insurance agents and brokers
Sales and service occupations,A college diploma or apprenticeship training of less than two years; or more than six months of on-the-job training,Real estate agents and salespersons
Sales and service occupations,A college diploma or apprenticeship training of less than two years; or more than six months of on-the-job training,Financial sales representatives
Sales and service occupations,A college diploma or apprenticeship training of less than two years; or more than six months of on-the-job training,Cooks
Sales and service occupations,A college diploma or apprenticeship training of less than two years; or more than six months of on-the-job training,Butchers - retail and wholesale
Sales and service occupations,A college diploma or apprenticeship training of less than two years; or more than six months of on-the-job training,Bakers
Sales and service occupations,A college diploma or apprenticeship training of less than two years; or more than six months of on-the-job training,Hairstylists and barbers 
Sales and service occupations,A college diploma or apprenticeship training of less than two years; or more than six months of on-the-job training,"Estheticians, electrologists and related occupations "
Sales and service occupations,A college diploma or apprenticeship training of less than two years; or more than six months of on-the-job training,Shoe repairers and shoemakers
Sales and service occupations,A college diploma or apprenticeship training of less than two years; or more than six months of on-the-job training,Upholsterers
Sales and service occupations,A secondary school diploma; or several weeks of on-the-job training,Retail salespersons and visual merchandisers
Sales and service occupations,A secondary school diploma; or several weeks of on-the-job training,Sales and account representatives - wholesale trade (non-technical)
Sales and service occupations,A secondary school diploma; or several weeks of on-the-job training,"Tailors, dressmakers, furriers and milliners"
Sales and service occupations,A secondary school diploma; or several weeks of on-the-job training,"Image, social and other personal consultants "
Sales and service occupations,A secondary school diploma; or several weeks of on-the-job training,Maîtres d'hôtel and hosts/hostesses
Sales and service occupations,A secondary school diploma; or several weeks of on-the-job training,Bartenders
Sales and service occupations,A secondary school diploma; or several weeks of on-the-job training,Travel counsellors
Sales and service occupations,A secondary school diploma; or several weeks of on-the-job training,Pursers and flight attendants
Sales and service occupations,A secondary school diploma; or several weeks of on-the-job training,Airline ticket and service agents
Sales and service occupations,A secondary school diploma; or several weeks of on-the-job training,"Ground and water transport ticket agents, cargo service representatives and related clerks"
Sales and service occupations,A secondary school diploma; or several weeks of on-the-job training,Hotel front desk clerks
Sales and service occupations,A secondary school diploma; or several weeks of on-the-job training,Tour and travel guides
Sales and service occupations,A secondary school diploma; or several weeks of on-the-job training,Casino workers
Sales and service occupations,A secondary school diploma; or several weeks of on-the-job training,Outdoor sport and recreational guides
Sales and service occupations,A secondary school diploma; or several weeks of on-the-job training,Customer services representatives - financial institutions
Sales and service occupations,A secondary school diploma; or several weeks of on-the-job training,Postal services representatives
Sales and service occupations,A secondary school diploma; or several weeks of on-the-job training,Other customer and information services representatives
Sales and service occupations,A secondary school diploma; or several weeks of on-the-job training,Security guards and related security service occupations
Sales and service occupations,Short-term work demonstration and no formal education,Cashiers
Sales and service occupations,Short-term work demonstration and no formal education,Service station attendants
Sales and service occupations,Short-term work demonstration and no formal education,"Store shelf stockers, clerks and order fillers"
Sales and service occupations,Short-term work demonstration and no formal education,Other sales related occupations
Sales and service occupations,Short-term work demonstration and no formal education,Food and beverage servers 
Sales and service occupations,Short-term work demonstration and no formal education,"Food counter attendants, kitchen helpers and related support occupations"
Sales and service occupations,Short-term work demonstration and no formal education,Meat cutters and fishmongers – retail and wholesale
Sales and service occupations,Short-term work demonstration and no formal education,"Support occupations in accommodation, travel and facilities set-up services"
Sales and service occupations,Short-term work demonstration and no formal education,"Operators and attendants in amusement, recreation and sport"
Sales and service occupations,Short-term work demonstration and no formal education,Pet groomers and animal care workers
Sales and service occupations,Short-term work demonstration and no formal education,Other support occupations in personal services
Sales and service occupations,Short-term work demonstration and no formal education,Light duty cleaners
Sales and service occupations,Short-term work demonstration and no formal education,Specialized cleaners
Sales and service occupations,Short-term work demonstration and no formal education,"Janitors, caretakers and heavy-duty cleaners"
Sales and service occupations,Short-term work demonstration and no formal education,"Dry cleaning, laundry and related occupations"
Sales and service occupations,Short-term work demonstration and no formal education,Other service support occupations
"Trades, transport and equipment operators and related occupations",Legislative and senior management,Construction managers
"Trades, transport and equipment operators and related occupations",Legislative and senior management,Home building and renovation managers
"Trades, transport and equipment operators and related occupations",Legislative and senior management,Facility operation and maintenance managers
"Trades, transport and equipment operators and related occupations",Legislative and senior management,Managers in transportation
"Trades, transport and equipment operators and related occupations",Legislative and senior management,Postal and courier services managers 
"Trades, transport and equipment operators and related occupations",A college diploma or apprenticeship training of two or more years; or supervisory occupations,"Contractors and supervisors, machining, metal forming, shaping and erecting trades and related occupations"
"Trades, transport and equipment operators and related occupations",A college diploma or apprenticeship training of two or more years; or supervisory occupations,"Contractors and supervisors, electrical trades and telecommunications occupations"
"Trades, transport and equipment operators and related occupations",A college diploma or apprenticeship training of two or more years; or supervisory occupations,"Contractors and supervisors, pipefitting trades"
"Trades, transport and equipment operators and related occupations",A college diploma or apprenticeship training of two or more years; or supervisory occupations,"Contractors and supervisors, carpentry trades"
"Trades, transport and equipment operators and related occupations",A college diploma or apprenticeship training of two or more years; or supervisory occupations,"Contractors and supervisors, other construction trades, installers, repairers and servicers"
"Trades, transport and equipment operators and related occupations",A college diploma or apprenticeship training of two or more years; or supervisory occupations,"Contractors and supervisors, mechanic trades"
"Trades, transport and equipment operators and related occupations",A college diploma or apprenticeship training of two or more years; or supervisory occupations,"Contractors and supervisors, heavy equipment operator crews"
"Trades, transport and equipment operators and related occupations",A college diploma or apprenticeship training of two or more years; or supervisory occupations,"Supervisors, printing and related occupations"
"Trades, transport and equipment operators and related occupations",A college diploma or apprenticeship training of two or more years; or supervisory occupations,"Supervisors, railway transport operations"
"Trades, transport and equipment operators and related occupations",A college diploma or apprenticeship training of two or more years; or supervisory occupations,"Supervisors, motor transport and other ground transit operators"
"Trades, transport and equipment operators and related occupations",A college diploma or apprenticeship training of two or more years; or supervisory occupations,"Supervisors, mail and message distribution occupations"
"Trades, transport and equipment operators and related occupations",A college diploma or apprenticeship training of two or more years; or supervisory occupations,Machinists and machining and tooling inspectors
"Trades, transport and equipment operators and related occupations",A college diploma or apprenticeship training of two or more years; or supervisory occupations,Tool and die makers
"Trades, transport and equipment operators and related occupations",A college diploma or apprenticeship training of two or more years; or supervisory occupations,Sheet metal workers
"Trades, transport and equipment operators and related occupations",A college diploma or apprenticeship training of two or more years; or supervisory occupations,Boilermakers
"Trades, transport and equipment operators and related occupations",A college diploma or apprenticeship training of two or more years; or supervisory occupations,Structural metal and platework fabricators and fitters
"Trades, transport and equipment operators and related occupations",A college diploma or apprenticeship training of two or more years; or supervisory occupations,Ironworkers
"Trades, transport and equipment operators and related occupations",A college diploma or apprenticeship training of two or more years; or supervisory occupations,Welders and related machine operators
"Trades, transport and equipment operators and related occupations",A college diploma or apprenticeship training of two or more years; or supervisory occupations,Electricians (except industrial and power system)
"Trades, transport and equipment operators and related occupations",A college diploma or apprenticeship training of two or more years; or supervisory occupations,Industrial electricians 
"Trades, transport and equipment operators and related occupations",A college diploma or apprenticeship training of two or more years; or supervisory occupations,Power system electricians 
"Trades, transport and equipment operators and related occupations",A college diploma or apprenticeship training of two or more years; or supervisory occupations,Electrical power line and cable workers 
"Trades, transport and equipment operators and related occupations",A college diploma or apprenticeship training of two or more years; or supervisory occupations,Telecommunications line and cable installers and repairers
"Trades, transport and equipment operators and related occupations",A college diploma or apprenticeship training of two or more years; or supervisory occupations,Telecommunications equipment installation and cable television service technicians 
"Trades, transport and equipment operators and related occupations",A college diploma or apprenticeship training of two or more years; or supervisory occupations,Plumbers
"Trades, transport and equipment operators and related occupations",A college diploma or apprenticeship training of two or more years; or supervisory occupations,"Steamfitters, pipefitters and sprinkler system installers"
"Trades, transport and equipment operators and related occupations",A college diploma or apprenticeship training of two or more years; or supervisory occupations,Gas fitters
"Trades, transport and equipment operators and related occupations",A college diploma or apprenticeship training of two or more years; or supervisory occupations,Carpenters
"Trades, transport and equipment operators and related occupations",A college diploma or apprenticeship training of two or more years; or supervisory occupations,Cabinetmakers
"Trades, transport and equipment operators and related occupations",A college diploma or apprenticeship training of two or more years; or supervisory occupations,Bricklayers
"Trades, transport and equipment operators and related occupations",A college diploma or apprenticeship training of two or more years; or supervisory occupations,Insulators 
"Trades, transport and equipment operators and related occupations",A college diploma or apprenticeship training of two or more years; or supervisory occupations,Construction millwrights and industrial mechanics
"Trades, transport and equipment operators and related occupations",A college diploma or apprenticeship training of two or more years; or supervisory occupations,Heavy-duty equipment mechanics
"Trades, transport and equipment operators and related occupations",A college diploma or apprenticeship training of two or more years; or supervisory occupations,"Heating, refrigeration and air conditioning mechanics"
"Trades, transport and equipment operators and related occupations",A college diploma or apprenticeship training of two or more years; or supervisory occupations,Railway carmen/women
"Trades, transport and equipment operators and related occupations",A college diploma or apprenticeship training of two or more years; or supervisory occupations,Aircraft mechanics and aircraft inspectors
"Trades, transport and equipment operators and related occupations",A college diploma or apprenticeship training of two or more years; or supervisory occupations,Machine fitters
"Trades, transport and equipment operators and related occupations",A college diploma or apprenticeship training of two or more years; or supervisory occupations,Elevator constructors and mechanics
"Trades, transport and equipment operators and related occupations",A college diploma or apprenticeship training of two or more years; or supervisory occupations,"Automotive service technicians, truck and bus mechanics and mechanical repairers"
"Trades, transport and equipment operators and related occupations",A college diploma or apprenticeship training of two or more years; or supervisory occupations,"Auto body collision, refinishing and glass technicians and damage repair estimators"
"Trades, transport and equipment operators and related occupations",A college diploma or apprenticeship training of two or more years; or supervisory occupations,Oil and solid fuel heating mechanics
"Trades, transport and equipment operators and related occupations",A college diploma or apprenticeship training of two or more years; or supervisory occupations,Appliance servicers and repairers
"Trades, transport and equipment operators and related occupations",A college diploma or apprenticeship training of two or more years; or supervisory occupations,Electrical mechanics
"Trades, transport and equipment operators and related occupations",A college diploma or apprenticeship training of two or more years; or supervisory occupations,"Motorcycle, all-terrain vehicle and other related mechanics"
"Trades, transport and equipment operators and related occupations",A college diploma or apprenticeship training of two or more years; or supervisory occupations,Other small engine and small equipment repairers 
"Trades, transport and equipment operators and related occupations",A college diploma or apprenticeship training of two or more years; or supervisory occupations,Crane operators
"Trades, transport and equipment operators and related occupations",A college diploma or apprenticeship training of two or more years; or supervisory occupations,Water well drillers
"Trades, transport and equipment operators and related occupations",A college diploma or apprenticeship training of two or more years; or supervisory occupations,"Air pilots, flight engineers and flying instructors"
"Trades, transport and equipment operators and related occupations",A college diploma or apprenticeship training of two or more years; or supervisory occupations,Air traffic controllers and related occupations
"Trades, transport and equipment operators and related occupations",A college diploma or apprenticeship training of two or more years; or supervisory occupations,"Deck officers, water transport"
"Trades, transport and equipment operators and related occupations",A college diploma or apprenticeship training of two or more years; or supervisory occupations,"Engineer officers, water transport"
"Trades, transport and equipment operators and related occupations",A college diploma or apprenticeship training of two or more years; or supervisory occupations,Railway traffic controllers and marine traffic regulators
"Trades, transport and equipment operators and related occupations",A college diploma or apprenticeship training of two or more years; or supervisory occupations,Other technical trades and related occupations
"Trades, transport and equipment operators and related occupations",A college diploma or apprenticeship training of less than two years; or more than six months of on-the-job training,Concrete finishers
"Trades, transport and equipment operators and related occupations",A college diploma or apprenticeship training of less than two years; or more than six months of on-the-job training,Tilesetters
"Trades, transport and equipment operators and related occupations",A college diploma or apprenticeship training of less than two years; or more than six months of on-the-job training,"Plasterers, drywall installers and finishers and lathers"
"Trades, transport and equipment operators and related occupations",A college diploma or apprenticeship training of less than two years; or more than six months of on-the-job training,Roofers and shinglers
"Trades, transport and equipment operators and related occupations",A college diploma or apprenticeship training of less than two years; or more than six months of on-the-job training,Glaziers
"Trades, transport and equipment operators and related occupations",A college diploma or apprenticeship training of less than two years; or more than six months of on-the-job training,Painters and decorators (except interior decorators)
"Trades, transport and equipment operators and related occupations",A college diploma or apprenticeship training of less than two years; or more than six months of on-the-job training,Floor covering installers
"Trades, transport and equipment operators and related occupations",A college diploma or apprenticeship training of less than two years; or more than six months of on-the-job training,Residential and commercial installers and servicers
"Trades, transport and equipment operators and related occupations",A college diploma or apprenticeship training of less than two years; or more than six months of on-the-job training,General building maintenance workers and building superintendents 
"Trades, transport and equipment operators and related occupations",A college diploma or apprenticeship training of less than two years; or more than six months of on-the-job training,Pest controllers and fumigators
"Trades, transport and equipment operators and related occupations",A college diploma or apprenticeship training of less than two years; or more than six months of on-the-job training,Other repairers and servicers
"Trades, transport and equipment operators and related occupations",A college diploma or apprenticeship training of less than two years; or more than six months of on-the-job training,Transport truck drivers 
"Trades, transport and equipment operators and related occupations",A college diploma or apprenticeship training of less than two years; or more than six months of on-the-job training,"Bus drivers, subway operators and other transit operators "
"Trades, transport and equipment operators and related occupations",A college diploma or apprenticeship training of less than two years; or more than six months of on-the-job training,Railway and yard locomotive engineers
"Trades, transport and equipment operators and related occupations",A college diploma or apprenticeship training of less than two years; or more than six months of on-the-job training,Railway conductors and brakemen/women
"Trades, transport and equipment operators and related occupations",A college diploma or apprenticeship training of less than two years; or more than six months of on-the-job training,Heavy equipment operators
"Trades, transport and equipment operators and related occupations",A college diploma or apprenticeship training of less than two years; or more than six months of on-the-job training,Printing press operators 
"Trades, transport and equipment operators and related occupations",A college diploma or apprenticeship training of less than two years; or more than six months of on-the-job training,"Drillers and blasters - surface mining, quarrying and construction "
"Trades, transport and equipment operators and related occupations",A secondary school diploma; or several weeks of on-the-job training,Mail and parcel sorters and related occupations
"Trades, transport and equipment operators and related occupations",A secondary school diploma; or several weeks of on-the-job training,Letter carriers
"Trades, transport and equipment operators and related occupations",A secondary school diploma; or several weeks of on-the-job training,Couriers and messengers
"Trades, transport and equipment operators and related occupations",A secondary school diploma; or several weeks of on-the-job training,Railway yard and track maintenance workers
"Trades, transport and equipment operators and related occupations",A secondary school diploma; or several weeks of on-the-job training,Water transport deck and engine room crew
"Trades, transport and equipment operators and related occupations",A secondary school diploma; or several weeks of on-the-job training,Air transport ramp attendants
"Trades, transport and equipment operators and related occupations",A secondary school diploma; or several weeks of on-the-job training,Automotive and heavy truck and equipment parts installers and servicers 
"Trades, transport and equipment operators and related occupations",A secondary school diploma; or several weeks of on-the-job training,Utility maintenance workers 
"Trades, transport and equipment operators and related occupations",A secondary school diploma; or several weeks of on-the-job training,Public works maintenance equipment operators and related workers
"Trades, transport and equipment operators and related occupations",Short-term work demonstration and no formal education,Longshore workers
"Trades, transport and equipment operators and related occupations",Short-term work demonstration and no formal education,Material handlers
"Trades, transport and equipment operators and related occupations",Short-term work demonstration and no formal education,Construction trades helpers and labourers
"Trades, transport and equipment operators and related occupations",Short-term work demonstration and no formal education,Other trades helpers and labourers
"Trades, transport and equipment operators and related occupations",Short-term work demonstration and no formal education,Taxi and limousine drivers and chauffeurs
"Trades, transport and equipment operators and related occupations",Short-term work demonstration and no formal education,Delivery service drivers and door-to-door distributors
"Trades, transport and equipment operators and related occupations",Short-term work demonstration and no formal education,Boat and cable ferry operators and related occupations 
"Trades, transport and equipment operators and related occupations",Short-term work demonstration and no formal education,Railway and motor transport labourers
"Trades, transport and equipment operators and related occupations",Short-term work demonstration and no formal education,Public works and maintenance labourers
"Natural resources, agriculture and related production occupations",Legislative and senior management,Managers in natural resources production and fishing
"Natural resources, agriculture and related production occupations",Legislative and senior management,Managers in agriculture
"Natural resources, agriculture and related production occupations",Legislative and senior management,Managers in horticulture
"Natural resources, agriculture and related production occupations",Legislative and senior management,Managers in aquaculture
"Natural resources, agriculture and related production occupations",A college diploma or apprenticeship training of two or more years; or supervisory occupations,"Supervisors, logging and forestry"
"Natural resources, agriculture and related production occupations",A college diploma or apprenticeship training of two or more years; or supervisory occupations,"Supervisors, mining and quarrying"
"Natural resources, agriculture and related production occupations",A college diploma or apprenticeship training of two or more years; or supervisory occupations,"Contractors and supervisors, oil and gas drilling and services"
"Natural resources, agriculture and related production occupations",A college diploma or apprenticeship training of two or more years; or supervisory occupations,Agricultural service contractors and farm supervisors
"Natural resources, agriculture and related production occupations",A college diploma or apprenticeship training of two or more years; or supervisory occupations,"Contractors and supervisors, landscaping, grounds maintenance and horticulture services"
"Natural resources, agriculture and related production occupations",A college diploma or apprenticeship training of less than two years; or more than six months of on-the-job training,Underground production and development miners
"Natural resources, agriculture and related production occupations",A college diploma or apprenticeship training of less than two years; or more than six months of on-the-job training,"Oil and gas well drillers, servicers, testers and related workers"
"Natural resources, agriculture and related production occupations",A college diploma or apprenticeship training of less than two years; or more than six months of on-the-job training,Logging machinery operators
"Natural resources, agriculture and related production occupations",A college diploma or apprenticeship training of less than two years; or more than six months of on-the-job training,Fishing masters and officers
"Natural resources, agriculture and related production occupations",A college diploma or apprenticeship training of less than two years; or more than six months of on-the-job training,Fishermen/women
"Natural resources, agriculture and related production occupations",A secondary school diploma; or several weeks of on-the-job training,Underground mine service and support workers 
"Natural resources, agriculture and related production occupations",A secondary school diploma; or several weeks of on-the-job training,Oil and gas well drilling and related workers and services operators 
"Natural resources, agriculture and related production occupations",A secondary school diploma; or several weeks of on-the-job training,Chain saw and skidder operators
"Natural resources, agriculture and related production occupations",A secondary school diploma; or several weeks of on-the-job training,Silviculture and forestry workers
"Natural resources, agriculture and related production occupations",A secondary school diploma; or several weeks of on-the-job training,Specialized livestock workers and farm machinery operators
"Natural resources, agriculture and related production occupations",A secondary school diploma; or several weeks of on-the-job training,Fishing vessel deckhands 
"Natural resources, agriculture and related production occupations",Short-term work demonstration and no formal education,Livestock labourers
"Natural resources, agriculture and related production occupations",Short-term work demonstration and no formal education,Harvesting labourers 
"Natural resources, agriculture and related production occupations",Short-term work demonstration and no formal education,Aquaculture and marine harvest labourers 
"Natural resources, agriculture and related production occupations",Short-term work demonstration and no formal education,Nursery and greenhouse labourers
"Natural resources, agriculture and related production occupations",Short-term work demonstration and no formal education,Trappers and hunters
"Natural resources, agriculture and related production occupations",Short-term work demonstration and no formal education,Mine labourers 
"Natural resources, agriculture and related production occupations",Short-term work demonstration and no formal education,"Oil and gas drilling, servicing and related labourers "
"Natural resources, agriculture and related production occupations",Short-term work demonstration and no formal education,Logging and forestry labourers
"Natural resources, agriculture and related production occupations",Short-term work demonstration and no formal education,Landscaping and grounds maintenance labourers
Occupations in manufacturing and utilities,Legislative and senior management,Manufacturing managers
Occupations in manufacturing and utilities,Legislative and senior management,Utilities managers
Occupations in manufacturing and utilities,A college diploma or apprenticeship training of two or more years; or supervisory occupations,"Supervisors, mineral and metal processing"
Occupations in manufacturing and utilities,A college diploma or apprenticeship training of two or more years; or supervisory occupations,"Supervisors, petroleum, gas and chemical processing and utilities"
Occupations in manufacturing and utilities,A college diploma or apprenticeship training of two or more years; or supervisory occupations,"Supervisors, food and beverage processing"
Occupations in manufacturing and utilities,A college diploma or apprenticeship training of two or more years; or supervisory occupations,"Supervisors, plastic and rubber products manufacturing"
Occupations in manufacturing and utilities,A college diploma or apprenticeship training of two or more years; or supervisory occupations,"Supervisors, forest products processing"
Occupations in manufacturing and utilities,A college diploma or apprenticeship training of two or more years; or supervisory occupations,"Supervisors, textile, fabric, fur and leather products processing and manufacturing"
Occupations in manufacturing and utilities,A college diploma or apprenticeship training of two or more years; or supervisory occupations,"Supervisors, motor vehicle assembling"
Occupations in manufacturing and utilities,A college diploma or apprenticeship training of two or more years; or supervisory occupations,"Supervisors, electronics and electrical products manufacturing"
Occupations in manufacturing and utilities,A college diploma or apprenticeship training of two or more years; or supervisory occupations,"Supervisors, furniture and fixtures manufacturing"
Occupations in manufacturing and utilities,A college diploma or apprenticeship training of two or more years; or supervisory occupations,"Supervisors, other mechanical and metal products manufacturing"
Occupations in manufacturing and utilities,A college diploma or apprenticeship training of two or more years; or supervisory occupations,"Supervisors, other products manufacturing and assembly"
Occupations in manufacturing and utilities,A college diploma or apprenticeship training of two or more years; or supervisory occupations,Power engineers and power systems operators
Occupations in manufacturing and utilities,A college diploma or apprenticeship training of two or more years; or supervisory occupations,Water and waste treatment plant operators
Occupations in manufacturing and utilities,A college diploma or apprenticeship training of less than two years; or more than six months of on-the-job training,"Central control and process operators, mineral and metal processing"
Occupations in manufacturing and utilities,A college diploma or apprenticeship training of less than two years; or more than six months of on-the-job training,"Central control and process operators, petroleum, gas and chemical processing"
Occupations in manufacturing and utilities,A college diploma or apprenticeship training of less than two years; or more than six months of on-the-job training,"Pulping, papermaking and coating control operators"
Occupations in manufacturing and utilities,A college diploma or apprenticeship training of less than two years; or more than six months of on-the-job training,Aircraft assemblers and aircraft assembly inspectors 
Occupations in manufacturing and utilities,A secondary school diploma; or several weeks of on-the-job training,"Machine operators, mineral and metal processing"
Occupations in manufacturing and utilities,A secondary school diploma; or several weeks of on-the-job training,Foundry workers
Occupations in manufacturing and utilities,A secondary school diploma; or several weeks of on-the-job training,Glass forming and finishing machine operators and glass cutters
Occupations in manufacturing and utilities,A secondary school diploma; or several weeks of on-the-job training,"Concrete, clay and stone forming operators"
Occupations in manufacturing and utilities,A secondary school diploma; or several weeks of on-the-job training,"Inspectors and testers, mineral and metal processing"
Occupations in manufacturing and utilities,A secondary school diploma; or several weeks of on-the-job training,Metalworking and forging machine operators
Occupations in manufacturing and utilities,A secondary school diploma; or several weeks of on-the-job training,Machining tool operators
Occupations in manufacturing and utilities,A secondary school diploma; or several weeks of on-the-job training,Machine operators of other metal products 
Occupations in manufacturing and utilities,A secondary school diploma; or several weeks of on-the-job training,Chemical plant machine operators
Occupations in manufacturing and utilities,A secondary school diploma; or several weeks of on-the-job training,Plastics processing machine operators
Occupations in manufacturing and utilities,A secondary school diploma; or several weeks of on-the-job training,Rubber processing machine operators and related workers
Occupations in manufacturing and utilities,A secondary school diploma; or several weeks of on-the-job training,Sawmill machine operators
Occupations in manufacturing and utilities,A secondary school diploma; or several weeks of on-the-job training,"Pulp mill, papermaking and finishing machine operators"
Occupations in manufacturing and utilities,A secondary school diploma; or several weeks of on-the-job training,Paper converting machine operators
Occupations in manufacturing and utilities,A secondary school diploma; or several weeks of on-the-job training,Lumber graders and other wood processing inspectors and graders
Occupations in manufacturing and utilities,A secondary school diploma; or several weeks of on-the-job training,Woodworking machine operators
Occupations in manufacturing and utilities,A secondary school diploma; or several weeks of on-the-job training,Other wood processing machine operators
Occupations in manufacturing and utilities,A secondary school diploma; or several weeks of on-the-job training,"Textile fibre and yarn, hide and pelt processing machine operators and workers"
Occupations in manufacturing and utilities,A secondary school diploma; or several weeks of on-the-job training,"Weavers, knitters and other fabric making occupations"
Occupations in manufacturing and utilities,A secondary school diploma; or several weeks of on-the-job training,Industrial sewing machine operators
Occupations in manufacturing and utilities,A secondary school diploma; or several weeks of on-the-job training,"Inspectors and graders, textile, fabric, fur and leather products manufacturing"
Occupations in manufacturing and utilities,A secondary school diploma; or several weeks of on-the-job training,"Process control and machine operators, food and beverage processing"
Occupations in manufacturing and utilities,A secondary school diploma; or several weeks of on-the-job training,"Industrial butchers and meat cutters, poultry preparers and related workers"
Occupations in manufacturing and utilities,A secondary school diploma; or several weeks of on-the-job training,Fish and seafood plant workers
Occupations in manufacturing and utilities,A secondary school diploma; or several weeks of on-the-job training,"Testers and graders, food and beverage processing"
Occupations in manufacturing and utilities,A secondary school diploma; or several weeks of on-the-job training,Plateless printing equipment operators
Occupations in manufacturing and utilities,A secondary school diploma; or several weeks of on-the-job training,"Camera, platemaking and other prepress occupations"
Occupations in manufacturing and utilities,A secondary school diploma; or several weeks of on-the-job training,Binding and finishing machine operators
Occupations in manufacturing and utilities,A secondary school diploma; or several weeks of on-the-job training,Photographic and film processors
Occupations in manufacturing and utilities,A secondary school diploma; or several weeks of on-the-job training,"Motor vehicle assemblers, inspectors and testers"
Occupations in manufacturing and utilities,A secondary school diploma; or several weeks of on-the-job training,"Electronics assemblers, fabricators, inspectors and testers"
Occupations in manufacturing and utilities,A secondary school diploma; or several weeks of on-the-job training,"Assemblers and inspectors, electrical appliance, apparatus and equipment manufacturing"
Occupations in manufacturing and utilities,A secondary school diploma; or several weeks of on-the-job training,"Assemblers, fabricators and inspectors, industrial electrical motors and transformers"
Occupations in manufacturing and utilities,A secondary school diploma; or several weeks of on-the-job training,Mechanical assemblers and inspectors
Occupations in manufacturing and utilities,A secondary school diploma; or several weeks of on-the-job training,"Machine operators and inspectors, electrical apparatus manufacturing"
Occupations in manufacturing and utilities,A secondary school diploma; or several weeks of on-the-job training,"Furniture and fixture assemblers, finishers, refinishers and inspectors"
Occupations in manufacturing and utilities,A secondary school diploma; or several weeks of on-the-job training,Assemblers and inspectors of other wood products
Occupations in manufacturing and utilities,A secondary school diploma; or several weeks of on-the-job training,"Plastic products assemblers, finishers and inspectors"
Occupations in manufacturing and utilities,A secondary school diploma; or several weeks of on-the-job training,"Industrial painters, coaters and metal finishing process operators"
Occupations in manufacturing and utilities,A secondary school diploma; or several weeks of on-the-job training,"Other products assemblers, finishers and inspectors "
Occupations in manufacturing and utilities,Short-term work demonstration and no formal education,Labourers in mineral and metal processing
Occupations in manufacturing and utilities,Short-term work demonstration and no formal education,Labourers in metal fabrication
Occupations in manufacturing and utilities,Short-term work demonstration and no formal education,Labourers in chemical products processing and utilities
Occupations in manufacturing and utilities,Short-term work demonstration and no formal education,"Labourers in wood, pulp and paper processing"
Occupations in manufacturing and utilities,Short-term work demonstration and no formal education,Labourers in rubber and plastic products manufacturing
Occupations in manufacturing and utilities,Short-term work demonstration and no formal education,Labourers in textile processing and cutting
Occupations in manufacturing and utilities,Short-term work demonstration and no formal education,Labourers in food and beverage processing
Occupations in manufacturing and utilities,Short-term work demonstration and no formal education,Labourers in fish and seafood processing
Occupations in manufacturing and utilities,Short-term work demonstration and no formal education,"Other labourers in processing, manufacturing and utilities"