Code,Occupation_Name,Nom_de_la_profession,Employment_emploi_2023,Employment_Growth_croissance_emploi,Retirements_retraites,Other_Replacement_autre_remplacement,Total_Job_Openings_Perspective_d'emploi,School_Leavers_Sortants_scolaires,Immigration,Other_Seekers_autres_chercheurs,Job_Seekers_Chercheurs_emploi,Recent_Labour_Market_Conditions,Future_Labour_Market_Conditions
00000,All Occupations,Toutes les professions,20170900,2589900,4307200,1212000,8109100,5865800,2552300,-179200,"8,238,800",N/A,N/A
TEER_0,TEER 0: Management occupations,FÉER 0: Professions en gestion,1985100,197400,563600,136100,897100,75100,214500,549700,839300,N/A,N/A
TEER_1,TEER 1: Occupations usually require a university degree,FÉER 1: Une formation universitaire caractérise habituellement les professions,4552000,782400,870000,269600,1922000,1868000,730700,-444200,2154400,N/A,N/A
TEER_2,TEER 2: Occupations usually require a college diploma or apprenticeship training of two or more years; or supervisory occupations,"FÉER 2: Un diplôme d’études collégiales, un programme d’apprentissage de deux ans ou plus, ou des responsabilités de supervision caractérisent habituellement les professions",4855300,726200,991100,291000,2008300,1550900,497000,-22000,2025900,N/A,N/A
TEER_3,TEER 3: Occupations usually require a college diploma or apprenticeship training of less than two years; or more than six months of on-the-job training,"FÉER 3: Un diplôme d’études collégiales, un programme d’apprentissage de deux ans ou moins, ou plus de six mois de formation en cours d’emploi caractérisent habituellement les professions",3062600,431100,740000,196200,1367300,768500,372100,200700,1341300,N/A,N/A
TEER_4,TEER 4: Occupations usually require a secondary school diploma; or several weeks of on-the-job training,FÉER 4: Un diplôme d’études secondaires ou plusieurs semaines de formation en cours d’emploi caractérisent habituellement les professions,3071200,213200,682300,180400,1075900,860400,371700,-185700,1046500,N/A,N/A
TEER_5,TEER 5: Occupations usually require short-term work demonstration and no formal education,FÉER 5: Une formation en cours d'emploi et aucune exigence scolaire particulière caractérisent habituellement les professions,2644800,239400,460300,138700,838500,742900,366100,-277700,831400,N/A,N/A
NOC1_0,Management occupations,Gestion,65400,6600,21600,5200,33400,1500,3300,31000,35800,N/A,N/A
NOC1_1,"Business, finance and administration occupations","Affaires, finance et administration",3629100,452900,858500,223800,1535200,1091600,450600,121700,1663900,N/A,N/A
NOC1_2,"Natural and applied sciences and related occupations, except management",Sciences naturelles et appliquées et domaines apparentés,1929200,326100,364400,113200,803600,747800,503600,-311300,940200,N/A,N/A
NOC1_3,"Health occupations, except management",Secteur de la santé,1616300,450500,303800,96800,851100,603500,166900,31200,801600,N/A,N/A
NOC1_4,"Occupations in education, law and social, community and government services, except management","Enseignement, droit et services sociaux, communautaires et gouvernementaux",2483200,379900,532600,146900,1059300,787600,199100,102900,1089600,N/A,N/A
NOC1_5,"Occupations in art, culture, recreation and sport, except management","Occupations in art, culture, recreation and sport",654800,86900,108200,37200,232300,241200,67000,-42600,265500,N/A,N/A
NOC1_6,"Sales and service occupations, except management",Vente et services,4953500,387000,975100,272500,1634700,1314700,634200,-322000,1626800,N/A,N/A
NOC1_7,"Trades, transport and equipment operators and related occupations, except management","Métiers, transport, machinerie et domaines apparentés",3373800,424400,751300,216900,1392600,791900,349500,163900,1305400,N/A,N/A
NOC1_8,"Natural resources, agriculture and related production occupations, except management","Ressources naturelles, agriculture et production connexe",498200,20000,123700,35700,179400,110700,29900,12200,152800,N/A,N/A
NOC1_9,"Occupations in manufacturing and utilities, except management",Fabrication et services d'utilité publique,967600,55500,268000,63800,387300,175300,148100,33700,357200,N/A,N/A
00010,Legislators,Membres des corps législatifs,4700,300,3500,600,4400,100,100,4300,4400,Balance,Balance
00011,Senior government managers and officials,Cadres supérieurs/cadres supérieures - administration publique,6300,100,2100,500,2600,200,400,2100,2600,Balance,Balance
00012,"Senior managers - financial, communications and other business services","Cadres supérieurs/cadres supérieures - services financiers, communications et autres services aux entreprises",52900,6100,15800,4000,25900,1200,2800,24200,28200,Balance,Balance
00013,"Senior managers - health, education, social and community services and membership organizations","Cadres supérieurs/cadres supérieures - santé, enseignement, services sociaux et communautaires et associations mutuelles",N/A,N/A,N/A,N/A,N/A,N/A,N/A,N/A,N/A,N/A,N/A
00014,"Senior managers - trade, broadcasting and other services","Cadres supérieurs/cadres supérieures - commerce, radiotélédiffusion et autres services",N/A,N/A,N/A,N/A,N/A,N/A,N/A,N/A,N/A,N/A,N/A
00015,"Senior managers - construction, transportation, production and utilities","Cadres supérieurs/cadres supérieures - construction, transport, production et services d'utilité publique",N/A,N/A,N/A,N/A,N/A,N/A,N/A,N/A,N/A,N/A,N/A
10010,Financial managers,Directeurs financiers/directrices financières,78000,8500,18800,4800,32100,5100,10900,20900,36900,Balance,Balance
10011,Human resources managers,Directeurs/directrices des ressources humaines,54400,7600,11400,3400,22400,2700,4500,17400,24700,Balance,Balance
10012,Purchasing managers,Directeurs/directrices des achats,20000,2800,4700,1300,8800,1000,3300,4700,9000,Balance,Balance
10019,Other administrative services managers,Directeurs/directrices d'autres services administratifs,11600,300,3500,800,4600,400,800,3600,4800,Balance,Balance
10020,"Insurance, real estate and financial brokerage managers","Directeurs/directrices des assurances, de l'immobilier et du courtage financier",45100,5000,11400,2800,19100,2900,4500,13300,20700,Balance,Balance
10021,"Banking, credit and other investment managers","Directeurs/directrices de banque, du crédit et d'autres services de placements",71000,9100,18000,4100,31200,4300,11100,19000,34400,Balance,Balance
10022,"Advertising, marketing and public relations managers","Directeurs/directrices de la publicité, du marketing et des relations publiques",53300,8500,9600,2900,21000,5200,10200,6500,22000,Balance,Balance
10029,Other business services managers,Directeurs/directrices d'autres services aux entreprises,19800,4500,7700,1500,13600,1000,2700,10400,14100,Balance,Balance
10030,Telecommunication carriers managers,Directeurs/directrices d'entreprises de télécommunications,11000,100,3000,700,3900,300,1600,2300,4200,Balance,Balance
11100,Financial auditors and accountants,Vérificateurs/vérificatrices et comptables,247300,19200,49100,14800,83100,109100,38900,-29100,118900,Balance,Balance
11101,Financial and investment analysts,Analystes financiers/analystes financières et analystes en placements,77000,11300,10800,4300,26500,45500,13600,-27300,31800,Balance,Balance
11102,Financial advisors,Conseillers financiers/conseillères financières,118800,17600,24000,7000,48600,44400,22900,-6500,60700,Balance,Balance
11103,"Securities agents, investment dealers and brokers","Agents/agentes en valeurs, agents/agentes en placements et négociateurs/négociatrices en valeurs",26200,2700,6100,1700,10500,12400,5200,-7400,10200,Balance,Balance
11109,Other financial officers,Autres agents financiers/agentes financières,46600,11000,7300,3000,21300,17400,7300,-100,24600,Balance,Balance
11200,Human resources professionals,Professionnels/professionnelles en ressources humaines,126700,26500,19800,7500,53800,50100,15800,2400,68300,Balance,Balance
11201,Professional occupations in business management consulting,Professionnels/professionnelles des services-conseils en gestion aux entreprises,122300,18600,34700,8400,61600,37900,27700,8800,74400,Balance,Balance
11202,"Professional occupations in advertising, marketing and public relations","Professionnels/professionnelles en publicité, en marketing et en relations publiques",233600,41500,22300,11800,75600,141900,38800,-62700,117900,Balance,Balance
12010,"Supervisors, general office and administrative support workers",Superviseurs/superviseures de commis de bureau et du personnel de soutien administratif,21300,3300,7700,1400,12400,6800,2600,3200,12600,Balance,Balance
12011,"Supervisors, finance and insurance office workers",Superviseurs/superviseures de commis de finance et d'assurance,45900,6200,12100,3100,21500,9300,5000,7800,22100,Balance,Balance
12012,"Supervisors, library, correspondence and related information workers","Superviseurs/superviseures de commis de bibliothèque, de correspondanciers et d'autres commis à l'information",3700,300,1000,200,1600,500,200,600,1200,Balance,Balance
12013,"Supervisors, supply chain, tracking and scheduling coordination occupations","Superviseurs/superviseures du personnel de coordination de la chaîne d'approvisionnement, du suivi et des horaires",81400,13500,18600,5000,37100,19700,13900,2900,36500,Balance,Balance
12100,Executive assistants,Adjoints/adjointes de direction,41500,5000,13600,2900,21600,7300,2700,11300,21200,Balance,Balance
12101,Human resources and recruitment officers,Agents/agentes des ressources humaines et de recrutement,52100,9800,5700,2700,18200,30000,10100,-19500,20600,Balance,Balance
12102,Procurement and purchasing agents and officers,Agents/agentes en approvisionnement et aux achats,80500,15600,21900,5100,42600,21700,10100,12300,44200,Balance,Balance
12103,Conference and event planners,Planificateurs/planificatrices de congrès et d'événements,28400,4900,4200,1500,10600,13500,2800,-6100,10200,Balance,Balance
12104,Employment insurance and revenue officers,Agents/agentes d'assurance-emploi et du revenu,65700,6300,13900,3700,23900,20200,4500,-300,24400,Balance,Balance
12110,"Court reporters, medical transcriptionists and related occupations","Sténographes judiciaires, transcripteurs médicaux/transcriptrices médicales et personnel assimilé",7900,1500,3700,600,5800,1700,300,3900,5900,Balance,Balance
12111,Health information management occupations,Personnel en gestion de l'information sur la santé,6000,1300,1300,400,2900,2600,300,-100,2900,Balance,Balance
12112,Records management technicians,Techniciens/techniciennes à la gestion des documents,8300,1500,2600,600,4600,2700,600,1100,4400,Balance,Balance
12113,Statistical officers and related research support occupations,Agents/agentes de statistiques et professions connexes du soutien de la recherche,6800,600,300,300,1200,1600,700,200,2500,Balance,Moderate risk of Surplus
12200,Accounting technicians and bookkeepers,Techniciens/techniciennes en comptabilité et teneurs/teneuses de livres,204400,27000,70200,15700,112900,37300,18100,56100,111500,Balance,Balance
12201,Insurance adjusters and claims examiners,Experts/expertes en sinistres et rédacteurs/rédactrices sinistres,46000,13400,8400,3300,25100,14600,3600,6900,25000,Balance,Balance
12202,Insurance underwriters,Assureurs/assureures,28100,4700,3200,1500,9300,11100,2900,-4200,9700,Balance,Balance
12203,"Assessors, business valuators and appraisers","Estimateurs/estimatrices, évaluateurs/évaluatrices d'entreprise et autres évaluateurs/évaluatrices",17200,1500,3000,1000,5500,3600,1500,400,5500,Balance,Balance
13100,Administrative officers,Agents/agentes d'administration,238500,32800,60500,14400,107800,63300,21800,12300,97400,Balance,Balance
13101,Property administrators,Agents/agentes de gestion immobilière,48200,8200,14700,3200,26100,13600,4500,8900,27000,Balance,Balance
13102,Payroll administrators,Administrateurs/administratrices de la paye,53300,9800,16400,3800,29900,13000,4600,12400,30000,Balance,Balance
13110,Administrative assistants,Adjoints administratifs/adjointes administratives,233800,20500,74700,15000,110200,50400,21000,37800,109200,Balance,Balance
13111,Legal administrative assistants,Adjoints administratifs juridiques/adjointes administratives juridiques,54900,6400,14400,3300,24100,19200,4900,1300,25300,Balance,Balance
13112,Medical administrative assistants,Adjoints administratifs médicaux/adjointes administratives médicales,84300,16300,21600,5200,43000,22500,6400,13100,41900,Balance,Balance
13200,"Customs, ship and other brokers","Courtiers/courtières en douanes, courtiers maritimes/courtières maritimes et autres courtiers/courtières",7800,800,1900,600,3400,2300,1700,-100,4000,Balance,Balance
13201,Production and transportation logistics coordinators,Coordonnateurs/coordonnatrices de la logistique de la production et du transport,33400,5200,5900,1800,12900,13000,6200,-6100,13100,Balance,Balance
14100,General office support workers,Employés/employées de bureau - soutien général,129200,-2500,34500,7500,39500,33700,11700,-8500,36900,Balance,Balance
14101,Receptionists,Réceptionnistes,144600,12900,31100,8200,52300,39500,10600,1300,51300,Balance,Balance
14102,Personnel clerks,Commis des services du personnel,12800,2100,1000,700,3800,6700,1100,-4000,3800,Balance,Balance
14103,Court clerks and related court services occupations,Commis des services judiciaires et autres professions des services judiciaires,8500,1200,2100,500,3900,3500,200,100,3700,Balance,Balance
14110,Survey interviewers and statistical clerks,Intervieweurs/intervieweuses pour enquêtes et commis aux statistiques,6200,-200,2900,500,3300,700,700,2000,3500,Balance,Balance
14111,Data entry clerks,Commis à la saisie de données,36000,700,8000,2300,10900,13000,4100,-5400,11700,Moderate signs of Surplus,Moderate risk of Surplus
14112,Desktop publishing operators and related occupations,Opérateurs/opératrices d'équipement d'éditique et personnel assimilé,N/A,N/A,N/A,N/A,N/A,N/A,N/A,N/A,N/A,N/A,N/A
14200,Accounting and related clerks,Commis à la comptabilité et personnel assimilé,151100,11200,46600,9600,67400,38100,17500,11400,67000,Balance,Balance
14201,"Banking, insurance and other financial clerks","Commis de banque, d'assurance et d'autres services financiers",28200,1100,6100,1600,8800,8800,4600,-5200,8200,Balance,Balance
14202,Collection clerks,Commis de recouvrement,9800,100,4100,700,4900,1600,2100,1200,4900,Balance,Balance
14300,Library assistants and clerks,Commis et assistants/assistantes dans les bibliothèques,15100,900,4100,900,5900,3300,600,1800,5700,Balance,Balance
14301,"Correspondence, publication and regulatory clerks",Correspondanciers/correspondancières et commis aux publications et aux règlements,19100,2100,5100,1300,8400,7400,2100,-2200,7300,Moderate signs of Surplus,Balance
14400,Shippers and receivers,Expéditeurs/expéditrices et réceptionnaires,114600,4400,29400,7100,40800,26800,15100,0,41800,Balance,Balance
14401,Storekeepers and partspersons,Magasiniers/magasinières et commis aux pièces,21600,700,5300,1400,7300,2700,800,3000,6600,Balance,Balance
14402,Production logistics workers,Travailleurs/travailleuses de la logistique de la production,3100,200,600,200,1000,1100,800,-800,1000,Balance,Balance
14403,Purchasing and inventory control workers,Commis aux achats et au contrôle de l'inventaire,30000,2600,5800,1700,10100,8900,4200,-2800,10300,Balance,Balance
14404,Dispatchers,Répartiteurs/répartitrices,33100,4100,7100,2100,13400,11400,2900,-1200,13100,Balance,Balance
14405,Transportation route and crew schedulers,Horairistes de trajets et d'équipages,3400,100,700,200,1000,1300,800,-1000,1000,Balance,Balance
20010,Engineering managers,Directeurs/directrices des services de génie,34300,3700,10600,2200,16500,1800,5800,9300,17000,Balance,Balance
20011,Architecture and science managers,Directeurs/directrices des services d'architecture et de sciences,16300,2300,4100,1100,7400,800,2200,4400,7400,Moderate signs of Shortage,Moderate risk of Shortage
20012,Computer and information systems managers,Gestionnaires des systèmes informatiques,124200,36700,24200,7400,68300,7900,26600,46300,80800,Balance,Balance
21100,Physicists and astronomers,Physiciens/physiciennes et astronomes,N/A,N/A,N/A,N/A,N/A,N/A,N/A,N/A,N/A,N/A,N/A
21101,Chemists,Chimistes,12100,800,3000,700,4600,5800,2900,-4100,4700,Balance,Balance
21102,Geoscientists and oceanographers,Géoscientifiques et océanographes,10000,200,2800,700,3700,3200,1600,-800,3900,Balance,Balance
21103,Meteorologists and climatologists,Météorologues et climatologues,N/A,N/A,N/A,N/A,N/A,N/A,N/A,N/A,N/A,N/A,N/A
21109,Other professional occupations in physical sciences,Autres professionnels/professionnelles des sciences physiques,1800,0,800,100,900,600,600,-100,1000,Balance,Balance
21110,Biologists and related scientists,Biologistes et personnel scientifique assimilé,30900,2100,2900,1600,6600,15800,4000,-13100,6600,Balance,Balance
21111,Forestry professionals,Professionnels/professionnelles des sciences forestières,4200,300,700,300,1400,1100,300,100,1500,Balance,Balance
21112,"Agricultural representatives, consultants and specialists","Agronomes, conseillers/conseillères et spécialistes en agriculture",5600,800,900,400,2000,2600,300,-900,2000,Balance,Balance
21120,Public and environmental health and safety professionals,Professionnels/professionnelles de la santé et sécurité publique et environnementale,12100,1200,2200,700,4000,3300,1100,0,4500,Balance,Balance
21200,Architects,Architectes,26900,1200,4300,1800,7300,8800,4500,-5100,8200,Balance,Balance
21201,Landscape architects,Architectes paysagistes,3300,200,400,200,800,900,400,0,1200,Balance,Balance
21202,Urban and land use planners,Urbanistes et planificateurs/planificatrices de l'utilisation des sols,15600,2100,1100,900,4100,6200,1500,-1300,6500,Moderate signs of Shortage,Balance
21203,Land surveyors,Arpenteurs-géomètres/arpenteuses-géomètres,7200,0,1100,400,1500,1900,600,-1100,1400,Balance,Balance
21210,"Mathematicians, statisticians and actuaries","Mathématiciens/mathématiciennes, statisticiens/statisticiennes et actuaires",16000,2000,1700,800,4500,8500,2100,-5000,5500,Balance,Balance
21211,Data scientists,Scientifiques de données,36600,6200,1900,1900,10000,17900,5900,-11500,12300,Balance,Balance
21220,Cybersecurity specialists,Spécialistes de la cybersécurité,31800,8600,5500,1800,15900,13200,6000,-500,18700,Moderate signs of Shortage,Moderate risk of Shortage
21221,Business systems specialists,Spécialistes des systèmes commerciaux,34900,8800,8400,2000,19300,13900,14500,-7700,20800,Balance,Balance
21222,Information systems specialists,Spécialistes en informatique,229400,48600,64400,13800,126900,77300,88800,-5300,160800,Balance,Balance
21223,Database analysts and data administrators,Analystes de bases de données et administrateurs/administratrices de données,52400,13800,12600,3400,29800,27600,17200,-11200,33500,Balance,Balance
21230,Computer systems developers and programmers,Développeurs/développeuses et programmeurs/programmeuses de systèmes informatiques,45700,1600,10400,2600,14600,27000,12400,-23200,16200,Balance,Balance
21231,Software engineers and designers,Ingénieurs/ingénieures et concepteurs/conceptrices en logiciel,113100,27400,13600,5800,46900,38900,60600,-39100,60400,Balance,Balance
21232,Software developers and programmers,Développeurs/développeuses et programmeurs/programmeuses de logiciels,155700,47600,20300,8400,76300,92900,81900,-75900,98900,Balance,Balance
21233,Web designers,Concepteurs/conceptrices Web,13100,1700,1400,700,3800,5700,3200,-4600,4300,Balance,Balance
21234,Web developers and programmers,Développeurs/développeuses et programmeurs/programmeuses Web,28700,4400,2400,1500,8300,18800,7700,-18300,8200,Balance,Balance
21300,Civil engineers,Ingénieurs civils/ingénieures civiles,65600,5900,12000,3800,21800,33100,12000,-18900,26200,Moderate signs of Shortage,Moderate risk of Shortage
21301,Mechanical engineers,Ingénieurs mécaniciens/ingénieures mécaniciennes,44900,3300,6000,2700,12000,23900,10300,-20200,13900,Moderate signs of Shortage,Moderate risk of Shortage
21310,Electrical and electronics engineers,Ingénieurs électriciens et électroniciens/ingénieures électriciennes et électroniciennes,41300,4800,7700,2400,14900,18900,10500,-13400,15900,Moderate signs of Shortage,Moderate risk of Shortage
21311,Computer engineers (except software engineers and designers),Ingénieurs informaticiens/ingénieures informaticiennes (sauf ingénieurs/ingénieures et concepteurs/conceptrices en logiciel),32500,7700,5500,2200,15400,11300,9500,-4300,16400,Balance,Balance
21320,Chemical engineers,Ingénieurs chimistes/ingénieures chimistes,14100,1400,2100,800,4200,8300,2100,-5700,4700,Balance,Balance
21321,Industrial and manufacturing engineers,Ingénieurs/ingénieures d'industrie et de fabrication,20400,1800,3800,1100,6800,10400,5100,-8500,6900,Moderate signs of Shortage,Moderate risk of Shortage
21322,Metallurgical and materials engineers,Ingénieurs/ingénieures métallurgistes et des matériaux,N/A,N/A,N/A,N/A,N/A,N/A,N/A,N/A,N/A,N/A,N/A
21330,Mining engineers,Ingénieurs miniers/ingénieures minières,5300,300,700,400,1300,2000,800,-800,2000,Moderate signs of Shortage,Balance
21331,Geological engineers,Ingénieurs/ingénieures géologiques,3500,600,700,300,1500,2100,700,-1000,1700,Strong signs of Shortage,Moderate risk of Shortage
21332,Petroleum engineers,Ingénieurs/ingénieures de l'extraction et du raffinage du pétrole,11300,-200,1600,700,2100,2400,1600,-1100,3000,Balance,Balance
21390,Aerospace engineers,Ingénieurs/ingénieures en aérospatiale,5400,300,1600,500,2300,2300,1400,-1500,2200,Balance,Balance
21399,Other professional engineers,Autres ingénieurs/ingénieures,42900,3900,6000,2600,12400,19600,6800,-8900,17400,Balance,Balance
22100,Chemical technologists and technicians,Technologues et techniciens/techniciennes en chimie,26300,3600,5300,1700,10500,13000,4000,-4900,12100,Balance,Balance
22101,Geological and mineral technologists and technicians,Technologues et techniciens/techniciennes en géologie et en minéralogie,9100,400,1400,500,2300,3200,800,-500,3500,Balance,Balance
22110,Biological technologists and technicians,Technologues et techniciens/techniciennes en biologie,6700,-200,900,400,1000,3700,700,-3300,1200,Balance,Balance
22111,Agricultural and fish products inspectors,Inspecteurs/inspectrices des produits agricoles et de la pêche,2000,0,500,100,600,900,400,-500,700,Balance,Balance
22112,Forestry technologists and technicians,Technologues et techniciens/techniciennes en sciences forestières,6200,800,1100,400,2300,2300,200,-100,2400,Balance,Balance
22113,Conservation and fishery officers,Techniciens/techniciennes du milieu naturel et de la pêche,3200,200,600,200,1000,2000,100,-1000,1100,Moderate signs of Surplus,Moderate risk of Surplus
22114,Landscape and horticulture technicians and specialists,Techniciens/techniciennes et spécialistes de l'aménagement paysager et de l'horticulture,15100,2100,3200,1000,6400,5100,1200,-200,6100,Balance,Balance
22210,Architectural technologists and technicians,Technologues et techniciens/techniciennes en architecture,9300,700,1300,500,2600,4700,2200,-4600,2300,Balance,Balance
22211,Industrial designers,Designers industriels/designers industrielles,10000,800,1500,600,2900,3500,2400,-3200,2700,Balance,Balance
22212,Drafting technologists and technicians,Technologues et techniciens/techniciennes en dessin,37700,1400,5400,2200,9000,12600,4600,-5400,11800,Moderate signs of Shortage,Balance
22213,Land survey technologists and technicians,Technologues et techniciens/techniciennes en arpentage,7400,300,700,400,1400,3300,300,-200,3500,Balance,Strong risk of Surplus
22214,Technical occupations in geomatics and meteorology,Personnel technique en géomatique et en météorologie,8700,0,900,500,1400,3700,600,-200,4100,Balance,Strong risk of Surplus
22220,Computer network and web technicians,Techniciens/techniciennes de réseau informatique et Web,40800,1600,9700,2200,13600,10500,9700,-7100,13100,Balance,Balance
22221,User support technicians,Agents/agentes de soutien aux utilisateurs,119200,25100,21000,6400,52600,51900,29900,-29400,52300,Balance,Balance
22222,Information systems testing technicians,Évaluateurs/évaluatrices de systèmes informatiques,20000,3100,1400,1000,5600,10800,6400,-3200,14000,Balance,Strong risk of Surplus
22230,Non-destructive testers and inspectors,Vérificateurs/vérificatrices et inspecteurs/inspectrices des essais non destructifs,4800,-200,1500,400,1600,1600,500,-200,1900,Balance,Balance
22231,Engineering inspectors and regulatory officers,Inspecteurs/inspectrices d'ingénierie et officiers/officières de réglementation,7100,800,1900,400,3200,1800,1000,-100,2600,Balance,Balance
22232,Occupational health and safety specialists,Spécialistes de l'hygiène et de la sécurité au travail,33400,6400,8700,2200,17300,8800,2300,7200,18400,Balance,Balance
22233,Construction inspectors,Inspecteurs/inspectrices en construction,25700,4700,6800,1500,13000,5700,1100,6000,12800,Balance,Balance
22300,Civil engineering technologists and technicians,Technologues et techniciens/techniciennes en génie civil,27400,2100,3800,1400,7300,11400,2600,-6100,8000,Moderate signs of Shortage,Moderate risk of Shortage
22301,Mechanical engineering technologists and technicians,Technologues et techniciens/techniciennes en génie mécanique,21900,2700,4300,1300,8300,7600,2900,-1900,8700,Moderate signs of Shortage,Moderate risk of Shortage
22302,Industrial engineering and manufacturing technologists and technicians,Technologues et techniciens/techniciennes en génie industriel et en génie de fabrication,22400,3000,4700,1300,9000,8200,3900,-3700,8400,Balance,Balance
22303,Construction estimators,Estimateurs/estimatrices en construction,22900,6100,5100,1500,12600,5800,2600,4800,13200,Moderate signs of Shortage,Moderate risk of Shortage
22310,Electrical and electronics engineering technologists and technicians,Technologues et techniciens/techniciennes en génie électrique et électronique,28500,2600,8300,1800,12800,11000,3400,-1600,12800,Moderate signs of Shortage,Moderate risk of Shortage
22311,Electronic service technicians (household and business equipment),Électroniciens/électroniciennes d'entretien (biens domestiques et commerciaux),44600,4000,12100,3100,19200,11800,5400,1800,19000,Balance,Balance
22312,Industrial instrument technicians and mechanics,Techniciens/techniciennes et mécaniciens/mécaniciennes d'instruments industriels,12100,1400,1100,600,3100,3600,200,-700,3100,Balance,Balance
22313,"Aircraft instrument, electrical and avionics mechanics, technicians and inspectors","Mécaniciens/mécaniciennes, techniciens/techniciennes et contrôleurs/contrôleuses d'avionique et d'instruments et d'appareillages électriques d'aéronefs",3500,200,1000,300,1600,1400,300,100,1800,Strong signs of Shortage,Moderate risk of Shortage
30010,Managers in health care,Directeurs/directrices des soins de santé,43600,13600,10700,2700,27000,2000,2900,22600,27500,Balance,Balance
31100,Specialists in clinical and laboratory medicine,Spécialistes en médecine clinique et de laboratoire,34000,8200,7300,2500,18000,9600,4200,-100,13700,Strong signs of Shortage,Strong risk of Shortage
31101,Specialists in surgery,Spécialistes en chirurgie,10500,2600,2100,700,5400,3000,1000,900,4900,Strong signs of Shortage,Strong risk of Shortage
31102,General practitioners and family physicians,Omnipraticiens/omnipraticiennes et médecins en médecine familiale,76000,27000,15700,5200,47800,21000,7100,-2400,25800,Strong signs of Shortage,Strong risk of Shortage
31103,Veterinarians,Vétérinaires,12600,3000,2600,900,6500,5700,1000,1000,7600,Strong signs of Shortage,Strong risk of Shortage
31110,Dentists,Dentistes,21400,6200,7400,1500,15000,6800,2300,-600,8500,Strong signs of Shortage,Strong risk of Shortage
31111,Optometrists,Optométristes,6400,1800,2500,500,4800,4800,200,-300,4800,Strong signs of Shortage,Strong risk of Shortage
31112,Audiologists and speech-language pathologists,Audiologistes et orthophonistes,18300,4400,2900,1000,8400,10000,700,-200,10500,Strong signs of Shortage,Moderate risk of Shortage
31120,Pharmacists,Pharmaciens/pharmaciennes,47700,12000,8100,2900,23000,16500,6300,1600,24400,Strong signs of Shortage,Strong risk of Shortage
31121,Dietitians and nutritionists,Diététistes et nutritionnistes,12300,2900,2300,800,6000,6300,600,-800,6200,Strong signs of Shortage,Strong risk of Shortage
31200,Psychologists,Psychologues,24900,5900,6400,1900,14200,8500,1400,4900,14700,Strong signs of Shortage,Strong risk of Shortage
31201,Chiropractors,Chiropraticiens/chiropraticiennes,9800,2800,1600,700,5100,4200,200,-200,4200,Moderate signs of Shortage,Moderate risk of Shortage
31202,Physiotherapists,Physiothérapeutes,38300,13000,3400,2300,18700,19500,4200,-3500,20200,Strong signs of Shortage,Moderate risk of Shortage
31203,Occupational therapists,Ergothérapeutes,22700,7000,1700,1300,10000,14300,800,-4600,10400,Strong signs of Shortage,Moderate risk of Shortage
31204,Kinesiologists and other professional occupations in therapy and assessment,Kinésiologues et autres professionnels/professionnelles en thérapie et en diagnostic,9400,2500,1200,500,4300,5600,500,-1600,4400,Moderate signs of Shortage,Balance
31209,Other professional occupations in health diagnosing and treating,Autres professionnels/professionnelles en diagnostic et en traitement de la santé,8700,2500,1400,600,4600,3200,500,800,4500,Moderate signs of Shortage,Moderate risk of Shortage
31300,Nursing coordinators and supervisors,Coordonnateurs/coordonnatrices et superviseurs/superviseures des soins infirmiers,28000,8800,7100,1700,17600,8100,1700,7100,16800,Strong signs of Shortage,Strong risk of Shortage
31301,Registered nurses and registered psychiatric nurses,Infirmiers autorisés/infirmières autorisées et infirmiers psychiatriques autorisés/infirmières psychiatriques autorisées,363100,97700,62000,20000,179800,155300,21700,-17500,159500,Strong signs of Shortage,Strong risk of Shortage
31302,Nurse practitioners,Infirmiers praticiens/infirmières praticiennes,5600,1900,1100,400,3400,2300,300,800,3400,Strong signs of Shortage,Strong risk of Shortage
31303,"Physician assistants, midwives and allied health professionals","Adjoints au médecin, sages-femmes et professionnels paramédicaux",6400,1500,700,400,2500,3600,600,-1700,2500,Strong signs of Shortage,Strong risk of Shortage
32100,Opticians,Opticiens/opticiennes d'ordonnances,11700,2900,2400,700,6100,3800,1100,1400,6300,Balance,Balance
32101,Licensed practical nurses,Infirmiers auxiliaires/infirmières auxiliaires,62600,14200,10200,3600,27900,30800,6700,-9700,27800,Strong signs of Shortage,Strong risk of Shortage
32102,Paramedical occupations,Personnel ambulancier et paramédical,40700,14600,4100,2200,20900,22600,600,-1900,21300,Strong signs of Shortage,Strong risk of Shortage
32103,"Respiratory therapists, clinical perfusionists and cardiopulmonary technologists","Inhalothérapeutes, perfusionnistes cardiovasculaires et technologues cardiopulmonaires",13400,2700,1500,700,4900,6200,400,-400,6200,Strong signs of Shortage,Strong risk of Shortage
32104,Animal health technologists and veterinary technicians,Technologues en santé animale et techniciens/techniciennes vétérinaires,25800,6300,1000,1100,8400,13700,1600,-3200,12100,Strong signs of Shortage,Moderate risk of Shortage
32109,Other technical occupations in therapy and assessment,Autre personnel technique en thérapie et en diagnostic,20600,6900,3200,1200,11300,10500,3500,-1900,12000,Strong signs of Shortage,Moderate risk of Shortage
32110,Denturists,Denturologistes,2000,200,600,200,1000,500,100,300,1000,Balance,Balance
32111,Dental hygienists and dental therapists,Hygiénistes et thérapeutes dentaires,33900,10000,3800,2100,15900,14600,1100,0,15700,Strong signs of Shortage,Strong risk of Shortage
32112,Dental technologists and technicians,Technologues et techniciens/techniciennes dentaires,6400,700,1400,500,2600,1700,1200,-100,2800,Balance,Balance
32120,Medical laboratory technologists,Technologues de laboratoires médicaux,24300,7300,6300,1500,15100,8200,1200,5600,15100,Strong signs of Shortage,Strong risk of Shortage
32121,Medical radiation technologists,Technologues en radiation médicale,28100,8100,5400,1600,15200,13500,700,900,15100,Strong signs of Shortage,Strong risk of Shortage
32122,Medical sonographers,Technologues en échographie,9600,2800,2200,600,5600,5600,400,100,6100,Strong signs of Shortage,Moderate risk of Shortage
32123,Cardiology technologists and electrophysiological diagnostic technologists,Technologues en cardiologie et technologues en électrophysiologie diagnostique,5600,1600,1100,400,3100,1700,200,0,1800,Strong signs of Shortage,Strong risk of Shortage
32124,Pharmacy technicians,Techniciens/techniciennes en pharmacie,32600,6400,5600,1800,13800,11100,2300,600,14000,Moderate signs of Shortage,Moderate risk of Shortage
32129,Other medical technologists and technicians,Autres technologues et techniciens/techniciennes des sciences de la santé,7300,800,1200,400,2400,2300,1100,-1000,2500,Moderate signs of Shortage,Moderate risk of Shortage
32200,Traditional Chinese medicine practitioners and acupuncturists,Praticiens/praticiennes en médecine traditionnelle chinoise et acupuncteurs/acupunctrices,8100,2300,1900,700,5000,800,3600,-400,4000,Balance,Balance
32201,Massage therapists,Massothérapeutes,45000,12700,6100,2700,21500,11900,2500,7800,22200,Moderate signs of Shortage,Moderate risk of Shortage
32209,Other practitioners of natural healing,Autres praticiens/praticiennes des médecines douces,4700,900,1600,400,2800,1000,700,400,2100,Balance,Balance
33100,Dental assistants and dental laboratory assistants,Assistants/assistantes dentaires et auxiliaires dans les laboratoires dentaires,38000,11200,5000,2000,18300,20100,5500,-7400,18200,Balance,Balance
33101,Medical laboratory assistants and related technical occupations,Assistants/assistantes de laboratoires médicaux et préposés/préposées techniques reliés,33400,9000,5500,1800,16300,11100,2600,2800,16500,Strong signs of Shortage,Strong risk of Shortage
33102,"Nurse aides, orderlies and patient service associates","Aides-infirmiers/aides-infirmières, aides-soignants/aides-soignantes et préposés/préposées aux bénéficiaires",296900,85100,73800,18600,177400,75700,63000,34000,172700,Strong signs of Shortage,Strong risk of Shortage
33103,Pharmacy technical assistants and pharmacy assistants,Assistants techniques/assistantes techniques en pharmacie et assistants/assistantes en pharmacie,33900,7600,5400,1600,14600,14400,5900,-6700,13600,Moderate signs of Shortage,Moderate risk of Shortage
33109,Other assisting occupations in support of health services,Autre personnel de soutien des services de santé,32000,10500,6100,1900,18600,11400,2900,3900,18200,Balance,Balance
40010,Government managers - health and social policy development and program administration,Gestionnaires de la fonction publique - élaboration de politiques et administration de programmes sociaux et de santé,7800,1000,2700,500,4200,300,200,3600,4100,Balance,Balance
40011,"Government managers - economic analysis, policy development and program administration","Gestionnaires de la fonction publique - analyse économique, élaboration de politiques et administration de programmes",12700,700,3600,800,5200,300,400,4600,5400,Balance,Balance
40012,Government managers - education policy development and program administration,Gestionnaires de la fonction publique - élaboration de politiques en matière d'éducation et administration de programmes,N/A,N/A,N/A,N/A,N/A,N/A,N/A,N/A,N/A,N/A,N/A
40019,Other managers in public administration,Autres gestionnaires de la fonction publique,32300,5900,10800,2000,18700,1300,200,12400,13900,Balance,Balance
40020,Administrators - post-secondary education and vocational training,Administrateurs/administratrices - enseignement postsecondaire et formation professionnelle,17000,1500,6300,1200,9000,800,1700,6500,9000,Balance,Balance
40021,School principals and administrators of elementary and secondary education,Directeurs/directrices d'école et administrateurs/administratrices de programmes d'enseignement aux niveaux primaire et secondaire,39500,1300,12400,2600,16300,900,700,14800,16400,Balance,Balance
40030,"Managers in social, community and correctional services","Directeurs/directrices des services sociaux, communautaires et correctionnels",46700,3900,12100,3100,19100,2500,2700,7100,12300,Balance,Balance
40040,Commissioned police officers and related occupations in public protection services,Officiers/officières de direction des services de police et professions connexes des services de la protection du public,N/A,N/A,N/A,N/A,N/A,N/A,N/A,N/A,N/A,N/A,N/A
40041,Fire chiefs and senior firefighting officers,Chefs et officiers supérieurs/officières supérieures des services d'incendie,2700,500,1000,200,1600,0,0,1600,1700,Balance,Balance
40042,Commissioned officers of the Canadian Armed Forces,Officiers/officières de direction des Forces armées canadiennes,N/A,N/A,N/A,N/A,N/A,N/A,N/A,N/A,N/A,N/A,N/A
41100,Judges,Juges,4100,400,1900,500,2800,200,0,2800,2900,Balance,Balance
41101,Lawyers and Quebec notaries,Avocats/avocates (partout au Canada) et notaires (au Québec),124300,15900,17400,8000,41300,59900,4000,-9100,54800,Balance,Balance
41200,University professors and lecturers,Professeurs/professeures et chargés/chargées de cours au niveau universitaire,86000,9700,21700,6200,37600,19600,17700,7100,44400,Balance,Balance
41201,Post-secondary teaching and research assistants,Assistants/assistantes d'enseignement et de recherche au niveau postsecondaire,84200,11300,4200,2600,18000,34000,11900,-19700,26300,Balance,Balance
41210,College and other vocational instructors,Enseignants/enseignantes au niveau collégial et autres instructeurs/instructrices en formation professionnelle,131100,16300,35500,8800,60600,30400,11800,33700,76000,Balance,Balance
41220,Secondary school teachers,Enseignants/enseignantes au niveau secondaire,175100,19900,45000,10200,75000,51600,5300,13300,70200,Moderate signs of Shortage,Moderate risk of Shortage
41221,Elementary school and kindergarten teachers,Enseignants/enseignantes aux niveaux primaire et préscolaire,337300,38300,75000,18500,131800,122000,9900,7200,139000,Moderate signs of Shortage,Moderate risk of Shortage
41300,Social workers,Travailleurs sociaux/travailleuses sociales,77500,15900,7700,4100,27600,34300,3000,-9900,27400,Strong signs of Shortage,Strong risk of Shortage
41301,Therapists in counselling and related specialized therapies,Thérapeutes en counseling et thérapies spécialisées connexes,69900,15200,13500,4600,33300,28000,4500,1500,33900,Moderate signs of Shortage,Moderate risk of Shortage
41302,Religious leaders,Chefs religieux,22300,1500,11700,2100,15300,2600,3200,9500,15400,Balance,Balance
41310,Police investigators and other investigative occupations,Enquêteurs/enquêteuses de police et autres professions d'enquête,11900,1600,1500,600,3800,1700,100,2000,3800,Balance,Balance
41311,Probation and parole officers,Agents/agentes de probation et de libération conditionnelle,7600,400,1500,400,2400,2400,100,-100,2400,Balance,Balance
41320,Educational counsellors,Conseillers/conseillères en information scolaire,24500,4500,6600,1500,12600,6500,2100,3600,12200,Balance,Balance
41321,Career development practitioners and career counsellors (except education),Conseillers/conseillères en développement de carrière et conseillers/conseillères en orientation (sauf éducation),20900,1600,6200,1400,9200,6500,1800,1100,9400,Balance,Balance
41400,"Natural and applied science policy researchers, consultants and program officers","Recherchistes, experts-conseils/expertes-conseils et agents/agentes de programmes, en sciences naturelles et appliquées",37800,7400,6800,2100,16300,18400,3900,-6200,16100,Balance,Balance
41401,Economists and economic policy researchers and analysts,"Économistes, recherchistes et analystes des politiques économiques",20100,2200,3400,1200,6800,11400,4400,-9000,6800,Balance,Balance
41402,Business development officers and market researchers and analysts,Agents/agentes de développement économique et recherchistes et analystes en marketing,33700,4200,8700,1800,14700,16600,8300,-9600,15400,Balance,Balance
41403,"Social policy researchers, consultants and program officers","Recherchistes, experts-conseils/expertes-conseils et agents/agentes de programmes en politiques sociales",80400,10100,15300,4400,29800,33900,9300,-13700,29400,Balance,Balance
41404,"Health policy researchers, consultants and program officers","Recherchistes, experts-conseils/expertes-conseils et agents/agentes de programmes en politiques de la santé",45100,9200,8600,2500,20400,18700,4500,-2900,20400,Balance,Balance
41405,"Education policy researchers, consultants and program officers","Recherchistes, experts-conseils/expertes-conseils et agents/agentes de programmes en politiques de l'enseignement",32200,5900,8300,2200,16400,9100,3200,4300,16700,Balance,Balance
41406,"Recreation, sports and fitness policy researchers, consultants and program officers","Recherchistes, experts-conseils/expertes-conseils et agents/agentes de programme en sports, en loisirs et en conditionnement physique",9300,1500,1300,500,3300,5600,600,-2800,3400,Balance,Balance
41407,Program officers unique to government,Agents/agentes de programmes propres au gouvernement,10700,600,2800,700,4100,3500,400,1000,4900,Balance,Balance
41409,Other professional occupations in social science,Autres professionnels/professionnelles des sciences sociales,3700,-100,1100,300,1300,1500,300,-300,1500,Balance,Balance
42100,Police officers (except commissioned),Policiers/policières (sauf cadres supérieurs),79800,4300,21400,4100,29800,23000,800,5600,29400,Moderate signs of Shortage,Moderate risk of Shortage
42101,Firefighters,Pompiers/pompières,39800,2100,11500,2300,15900,8000,200,6000,14200,Moderate signs of Shortage,Moderate risk of Shortage
42102,Specialized members of the Canadian Armed Forces,Membres spécialisés des Forces armées canadiennes,N/A,N/A,N/A,N/A,N/A,N/A,N/A,N/A,N/A,N/A,N/A
42200,Paralegals and related occupations,Techniciens/techniciennes juridiques et personnel assimilé,36000,7200,9300,2200,18700,15900,3400,-1100,18200,Balance,Balance
42201,Social and community service workers,Travailleurs/travailleuses des services sociaux et communautaires,155600,24800,22600,8000,55400,68100,12600,-27300,53500,Strong signs of Shortage,Strong risk of Shortage
42202,Early childhood educators and assistants,Éducateurs/éducatrices et aides-éducateurs/aides-éducatrices de la petite enfance,246800,110100,38000,14300,162400,80100,28900,50800,159900,Strong signs of Shortage,Strong risk of Shortage
42203,Instructors of persons with disabilities,Instructeurs/instructrices pour personnes ayant une déficience,7100,400,1000,400,1800,1800,200,-500,1500,Moderate signs of Shortage,Moderate risk of Shortage
42204,Religion workers,Travailleurs/travailleuses de la religion,6500,0,2100,600,2700,1600,800,200,2700,Balance,Balance
43100,Elementary and secondary school teacher assistants,Aides-enseignants/aides-enseignantes aux niveaux primaire et secondaire,105300,6600,24100,6500,37200,23400,6400,9700,39400,Moderate signs of Shortage,Moderate risk of Shortage
43109,Other instructors,Autres instructeurs/instructrices,31900,5000,7100,1800,13900,6000,3400,4100,13500,Balance,Balance
43200,Sheriffs and bailiffs,Shérifs et huissiers/huissières de justice,3400,200,1100,200,1600,700,100,800,1600,Balance,Balance
43201,Correctional service officers,Agents/agentes de services correctionnels,26100,1900,4700,1400,8000,7800,900,-900,7800,Balance,Balance
43202,By-law enforcement and other regulatory officers,Agents/agentes d'application de règlements municipaux et autres agents/agentes de réglementation,11000,2000,2500,700,5200,3200,400,2100,5700,Balance,Balance
43203,"Border services, customs, and immigration officers","Agents/agentes de services frontaliers, des douanes et de l'immigration",14700,900,3200,800,4900,4200,1000,-100,5100,Balance,Balance
43204,Operations Members of the Canadian Armed Forces,Membres des opérations des Forces armées canadiennes,N/A,N/A,N/A,N/A,N/A,N/A,N/A,N/A,N/A,N/A,N/A
44100,Home child care providers,Gardiens/gardiennes d'enfants en milieu familial,19900,1800,3200,1400,6400,3600,5600,-3100,6100,Balance,Balance
44101,"Home support workers, caregivers and related occupations","Aides de maintien à domicile, aides familiaux/familiales et personnel assimilé",67400,2700,18600,4900,26200,12400,16400,-4100,24600,Strong signs of Shortage,Strong risk of Shortage
44200,Primary combat members of the Canadian Armed Forces,Combattants/combattantes de première ligne des Forces armées canadiennes,N/A,N/A,N/A,N/A,N/A,N/A,N/A,N/A,N/A,N/A,N/A
45100,"Student monitors, crossing guards and related occupations","Surveillants/surveillantes d’élèves, brigadiers/brigadières et autres professions connexes",19300,1400,6000,1600,9100,3000,1500,4600,9100,Balance,Balance
50010,"Library, archive, museum and art gallery managers","Directeurs/directrices de bibliothèques, des archives, de musées et de galeries d'art",3300,300,1000,300,1600,100,200,1200,1600,Balance,Balance
50011,"Managers - publishing, motion pictures, broadcasting and performing arts","Directeurs/directrices - édition, cinéma, radiotélédiffusion et arts de la scène",5600,100,1900,400,2500,300,700,1400,2400,Moderate signs of Surplus,Moderate risk of Surplus
50012,"Recreation, sports and fitness program and service directors","Directeurs/directrices de programmes et de services de sports, de loisirs et de conditionnement physique",5800,1000,1100,400,2600,200,300,2000,2600,Balance,Balance
51100,Librarians,Bibliothécaires,10400,200,2600,600,3400,5800,400,-2100,4100,Balance,Balance
51101,Conservators and curators,Restaurateurs/restauratrices et conservateurs/conservatrices,3000,400,900,200,1400,1200,200,-100,1300,Balance,Balance
51102,Archivists,Archivistes,N/A,N/A,N/A,N/A,N/A,N/A,N/A,N/A,N/A,N/A,N/A
51110,Editors,"Réviseurs/réviseures, rédacteurs-réviseurs/rédactrices-réviseures et chefs du service des nouvelles",14000,1200,3400,1000,5600,5600,1500,-1300,5800,Balance,Balance
51111,Authors and writers (except technical),"Auteurs/auteures, écrivains/écrivaines et rédacteurs/rédactrices (sauf techniques)",27200,2900,5800,2100,10800,9700,2600,-1300,11000,Balance,Balance
51112,Technical writers,Rédacteurs/rédactrices techniques,8000,700,1100,500,2300,3000,1100,-2000,2100,Moderate signs of Surplus,Balance
51113,Journalists,Journalistes,10900,1000,1700,700,3500,3900,700,-700,4000,Balance,Balance
51114,"Translators, terminologists and interpreters","Traducteurs/traductrices, terminologues et interprètes",24500,3000,5400,1900,10300,6600,3500,100,10200,Balance,Balance
51120,"Producers, directors, choreographers and related occupations","Producteurs/productrices, réalisateurs/réalisatrices, chorégraphes et personnel assimilé",37600,5500,7400,2400,15300,13200,2600,-600,15200,Moderate signs of Surplus,Moderate risk of Surplus
51121,"Conductors, composers and arrangers","Chefs d'orchestre, compositeurs/compositrices et arrangeurs/arrangeuses",3500,500,1300,300,2200,700,300,1300,2300,Balance,Balance
51122,Musicians and singers,Musiciens/musiciennes et chanteurs/chanteuses,29700,3400,11400,2300,17100,5200,2700,10300,18100,Balance,Balance
52100,Library and public archive technicians,Techniciens/techniciennes dans les bibliothèques et les services d'archives publiques,7200,200,2300,500,3000,1600,100,900,2600,Moderate signs of Surplus,Moderate risk of Surplus
52110,Film and video camera operators,Cadreurs/cadreuses de films et cadreurs/cadreuses vidéo,7600,900,1100,500,2500,2500,600,-100,3100,Balance,Balance
52111,Graphic arts technicians,Techniciens/techniciennes en graphisme,14800,3000,900,800,4700,4000,2700,-2200,4500,Balance,Balance
52112,Broadcast technicians,Techniciens/techniciennes en radiotélédiffusion,1500,0,400,100,500,700,100,0,700,Balance,Balance
52113,Audio and video recording technicians,Techniciens/techniciennes en enregistrement audio et vidéo,13100,1000,1200,800,3000,4400,1300,-3000,2700,Balance,Balance
52114,Announcers and other broadcasters,Annonceurs/annonceuses et autres communicateurs/communicatrices,3700,-300,1400,300,1400,2100,300,-300,2100,Balance,Moderate risk of Surplus
52119,"Other technical and coordinating occupations in motion pictures, broadcasting and the performing arts","Autre personnel technique et personnel de coordination du cinéma, de la radiotélédiffusion et des arts de la scène",14700,1500,1400,800,3700,8300,2500,-6100,4800,Moderate signs of Surplus,Moderate risk of Surplus
52120,Graphic designers and illustrators,Designers graphiques et illustrateurs/illustratrices,93200,12300,11500,4800,28500,46700,19800,-22800,43700,Moderate signs of Surplus,Strong risk of Surplus
52121,Interior designers and interior decorators,Designers d'intérieur et décorateurs/décoratrices d'intérieur,32900,3200,6700,1900,11800,10900,3900,-900,13800,Balance,Balance
53100,"Registrars, restorers, interpreters and other occupations related to museum and art galleries","Registraires, restaurateurs/restauratrices, interprètes et autres travailleurs/travailleuses dans les domaines apparentés des musées et des galeries d'art",9400,1500,1300,500,3300,4500,400,200,5100,Balance,Moderate risk of Surplus
53110,Photographers,Photographes,22400,2300,2500,1200,6000,6300,2900,-2900,6400,Balance,Balance
53111,"Motion pictures, broadcasting, photography and performing arts assistants and operators","Assistants/assistantes et opérateurs/opératrices du domaine du cinéma, de la radiotélédiffusion, de la photographie et des arts de la scène",7700,600,1000,500,2100,4500,1500,-3900,2000,Strong signs of Surplus,Strong risk of Surplus
53120,Dancers,Danseurs/danseuses,13600,2700,1100,500,4300,5900,800,-1500,5200,Balance,Balance
53121,"Actors, comedians and circus performers","Acteurs/actrices, comédiens/comédiennes et artistes de cirque",14900,2400,3400,1100,6900,6000,1000,300,7300,Balance,Balance
53122,"Painters, sculptors and other visual artists","Peintres, sculpteurs/sculpteures et autres artistes des arts visuels",17100,1400,7300,1500,10300,3900,1600,4700,10200,Balance,Balance
53123,"Theatre, fashion, exhibit and other creative designers","Ensembliers/ensemblières de théâtre, dessinateurs/dessinatrices de mode, concepteurs/conceptrices d'expositions et autres concepteurs/conceptrices artistiques",9600,1000,2300,600,3900,5000,1500,-3000,3600,Balance,Balance
53124,Artisans and craftspersons,Artisans/artisanes,8900,1400,2500,600,4500,1400,800,2300,4500,Balance,Balance
53125,"Patternmakers - textile, leather and fur products",Patronniers/patronnières de produits textiles et d'articles en cuir et en fourrure,N/A,N/A,N/A,N/A,N/A,N/A,N/A,N/A,N/A,N/A,N/A
53200,Athletes,Athlètes,2700,500,0,100,600,1500,100,100,1800,Balance,Strong risk of Surplus
53201,Coaches,Entraîneurs/entraîneuses,13300,1700,1900,700,4300,3000,900,1300,5200,Balance,Balance
53202,Sports officials and referees,Arbitres et officiels/officielles de sports,6200,1100,100,100,1300,1400,100,600,2100,Balance,Balance
54100,"Program leaders and instructors in recreation, sport and fitness","Animateurs/animatrices et responsables de programmes de sports, de loisirs et de conditionnement physique",149300,27800,12100,5300,45300,59000,6600,-14300,51200,Balance,Balance
55109,Other performers,Autres artistes de spectacle,N/A,N/A,N/A,N/A,N/A,N/A,N/A,N/A,N/A,N/A,N/A
60010,Corporate sales managers,Directeurs/directrices des ventes corporatives,28300,2500,4800,1800,9200,1300,3600,4900,9900,Balance,Balance
60020,Retail and wholesale trade managers,Directeurs/directrices - commerce de détail et de gros,355000,8200,123300,25200,156600,9300,34400,121000,164700,Balance,Balance
60030,Restaurant and food service managers,Directeurs/directrices de la restauration et des services alimentaires,110200,8400,18100,6500,33000,3900,21100,6900,31900,Balance,Balance
60031,Accommodation service managers,Directeurs/directrices des services d'hébergement,51100,7700,21400,5100,34100,1200,7100,25000,33300,Balance,Balance
60040,Managers in customer and personal services,Directeurs/directrices du service à la clientèle et des services personnels,13400,200,5100,900,6200,400,1500,4200,6100,Balance,Balance
62010,Retail sales supervisors,Superviseurs/superviseures des ventes - commerce de détail,239100,9000,42700,12500,64200,73200,39800,-49400,63700,Balance,Balance
62020,Food service supervisors,Superviseurs/superviseures des services alimentaires,75800,10100,6700,3400,20200,36400,16300,-33100,19500,Moderate signs of Shortage,Balance
62021,Executive housekeepers,Gouvernants principaux/gouvernantes principales,1900,100,500,100,800,400,700,-200,900,Balance,Balance
62022,"Accommodation, travel, tourism and related services supervisors","Superviseurs/superviseures des services d'hébergement, de voyages, de tourisme et des services connexes",16900,2600,2800,900,6200,5500,2300,-300,7500,Balance,Balance
62023,Customer and information services supervisors,Superviseurs/superviseures des services d'information et des services à la clientèle,29000,3400,6000,1600,11100,9800,5400,-3900,11400,Balance,Balance
62024,Cleaning supervisors,Surveillants/surveillantes des services de nettoyage,39700,6200,15900,2800,24900,4200,5200,16200,25600,Balance,Balance
62029,Other services supervisors,Surveillants/surveillantes des autres services,27000,4400,4800,1500,10700,9100,3000,-200,11800,Balance,Balance
62100,Technical sales specialists - wholesale trade,Spécialistes des ventes techniques - commerce de gros,133000,12500,33800,9000,55300,32900,14400,6800,54200,Balance,Balance
62101,Retail and wholesale buyers,Acheteurs/acheteuses des commerces de détail et de gros,22900,600,6700,1500,8800,8400,3200,-2700,8900,Balance,Balance
62200,Chefs,Chefs,64500,9400,9800,3900,23000,13300,15900,-5200,24100,Balance,Balance
62201,Funeral directors and embalmers,Directeurs/directrices de funérailles et embaumeurs/embaumeuses,8900,1200,2400,700,4300,1400,100,1500,3000,Balance,Balance
62202,"Jewellers, jewellery and watch repairers and related occupations","Bijoutiers/bijoutières, réparateurs/réparatrices de bijoux, horlogers-rhabilleurs/horlogères-rhabilleuses et personnel assimilé",1900,100,700,200,1000,600,100,-100,700,Balance,Balance
63100,Insurance agents and brokers,Agents/agentes et courtiers/courtières d'assurance,86800,7800,20500,5600,33900,23000,11800,-1100,33700,Moderate signs of Shortage,Moderate risk of Shortage
63101,Real estate agents and salespersons,Agents/agentes et vendeurs/vendeuses en immobilier,106800,11100,36000,8400,55400,19700,6300,28100,54000,Balance,Balance
63102,Financial sales representatives,Représentants/représentantes des ventes financières,61300,9500,9300,3600,22300,28100,17200,-22700,22600,Balance,Balance
63200,Cooks,Cuisiniers/cuisinières,171700,8500,24500,8100,41100,62300,30400,-52400,40200,Moderate signs of Shortage,Moderate risk of Shortage
63201,Butchers - retail and wholesale,Bouchers/bouchères - commerce de gros et de détail,14400,600,3200,900,4700,2100,1500,900,4500,Moderate signs of Shortage,Moderate risk of Shortage
63202,Bakers,Boulangers-pâtissiers/boulangères-pâtissières,32500,700,6700,1800,9200,7700,6100,-5100,8700,Balance,Balance
63210,Hairstylists and barbers,Coiffeurs/coiffeuses et barbiers,90500,9100,20900,6000,36100,21000,6700,8500,36200,Balance,Balance
63211,"Estheticians, electrologists and related occupations","Esthéticiens/esthéticiennes, électrolystes et personnel assimilé",71300,15400,5200,3700,24300,24000,10400,-9500,24900,Balance,Balance
63220,Shoe repairers and shoemakers,Cordonniers/cordonnières et fabricants/fabricantes de chaussures,N/A,N/A,N/A,N/A,N/A,N/A,N/A,N/A,N/A,N/A,N/A
63221,Upholsterers,Tapissiers-garnisseurs/tapissières-garnisseuses,4000,100,2000,400,2500,100,500,1300,1900,Balance,Balance
64100,Retail salespersons and visual merchandisers,Vendeurs/vendeuses et décorateurs-étalagistes/décoratrices-étalagistes en commerce de détail,579600,20400,91900,28600,140900,188600,58200,-119800,127100,Balance,Balance
64101,Sales and account representatives - wholesale trade (non-technical),Représentants/représentantes des ventes et des comptes - commerce de gros (non-technique),240900,21900,59000,16000,96900,50800,20500,24000,95300,Balance,Balance
64200,"Tailors, dressmakers, furriers and milliners","Tailleurs/tailleuses, couturiers/couturières, fourreurs/fourreuses et modistes",12600,200,5800,1100,7000,400,1700,4900,7000,Balance,Balance
64201,"Image, social and other personal consultants","Conseillers/conseillères imagistes, conseillers mondains/conseillères mondaines et autres conseillers/conseillères en soins personnalisés",1600,100,500,100,800,600,100,-100,600,Balance,Balance
64300,Maîtres d'hôtel and hosts/hostesses,Maîtres d'hôtel et hôtes/hôtesses,54500,5600,2000,1600,9200,21400,2900,-15200,9100,Balance,Balance
64301,Bartenders,Barmans/barmaids,29400,-100,2600,1300,3800,11600,1600,-9200,4000,Balance,Balance
64310,Travel counsellors,Conseillers/conseillères en voyages,14600,700,4000,1000,5700,3500,1100,1300,6000,Balance,Balance
64311,Pursers and flight attendants,Commissaires et agents/agentes de bord,14600,1100,2400,800,4300,4800,600,-200,5100,Balance,Balance
64312,Airline ticket and service agents,Agents/agentes à la billetterie et aux services aériens,15900,1300,2600,900,4800,4700,1700,-1600,4900,Balance,Balance
64313,"Ground and water transport ticket agents, cargo service representatives and related clerks","Agents/agentes à la billetterie, représentants/représentantes du service en matière de fret et personnel assimilé dans le transport routier et maritime",3600,200,700,200,1200,1400,300,0,1600,Balance,Balance
64314,Hotel front desk clerks,Réceptionnistes d'hôtel,19100,3200,3900,1100,8200,8500,4500,-4200,8800,Balance,Balance
64320,Tour and travel guides,Guides touristiques et guides itinérants/guides itinérantes,3800,300,800,300,1300,1200,100,100,1500,Balance,Balance
64321,Casino workers,Travailleurs/travailleuses dans les casinos,7600,-100,1300,500,1700,1600,800,-800,1700,Balance,Balance
64322,Outdoor sport and recreational guides,Guides d'activités récréatives et sportives de plein air,1700,200,600,100,900,1000,100,0,1000,Moderate signs of Surplus,Balance
64400,Customer services representatives - financial institutions,Représentants/représentantes au service à la clientèle - institutions financières,71500,7300,13000,3600,24000,32500,16700,-24500,24800,Balance,Balance
64401,Postal services representatives,Représentants/représentantes des services postaux,10300,500,5000,700,6200,1400,600,4200,6200,Moderate signs of Shortage,Moderate risk of Shortage
64409,Other customer and information services representatives,Autres préposés/préposées aux services d'information et aux services à la clientèle,181700,16400,39400,10200,66100,60600,34700,-26600,68700,Balance,Balance
64410,Security guards and related security service occupations,Agents/agentes de sécurité et personnel assimilé des services de sécurité,104200,11500,23000,7200,41600,40700,15200,-15100,40800,Balance,Balance
65100,Cashiers,Caissiers/caissières,349600,13700,46200,13400,73400,94000,32100,-55400,70600,Balance,Balance
65101,Service station attendants,Préposés/préposées de stations-service,12000,-2800,1400,300,-1000,2700,300,-3500,-500,Balance,Balance
65102,"Store shelf stockers, clerks and order fillers","Garnisseurs/garnisseuses de tablettes, commis et préposés/préposées aux commandes dans les magasins",262900,26300,39800,11800,78000,78200,28300,-29000,77500,Balance,Balance
65109,Other sales related occupations,Autre personnel assimilé des ventes,16200,600,5800,1200,7600,4300,2500,300,7100,Balance,Balance
65200,Food and beverage servers,Serveurs/serveuses d'aliments et de boissons,175800,6800,11100,6100,24000,71300,10800,-56700,25400,Balance,Balance
65201,"Food counter attendants, kitchen helpers and related support occupations","Serveurs/serveuses au comptoir, aides de cuisine et personnel de soutien assimilé",383000,39600,35200,13600,88400,115800,56200,-84900,87100,Balance,Balance
65202,Meat cutters and fishmongers – retail and wholesale,Coupeurs/coupeuses de viande et poissonniers/poissonnières – commerce de gros et de détail,5100,-900,1700,300,1000,300,1000,-500,700,Balance,Balance
65210,"Support occupations in accommodation, travel and facilities set-up services","Personnel de soutien en services d'hébergement, de voyage et en services de montage d'installation",3600,100,200,200,600,800,200,0,900,Balance,Balance
65211,"Operators and attendants in amusement, recreation and sport","Opérateurs/opératrices et préposés/préposées aux sports, aux loisirs et dans les parcs d'attractions",65200,10900,7700,3000,21600,25800,1700,-2700,24900,Balance,Balance
65220,Pet groomers and animal care workers,Soigneurs/soigneuses d'animaux et travailleurs/travailleuses en soins des animaux,35500,6600,5000,1900,13500,13700,1400,-500,14600,Balance,Balance
65229,Other support occupations in personal services,Autres professions de soutien dans les services personnels,3800,300,900,300,1500,1500,400,-300,1600,Balance,Balance
65310,Light duty cleaners,Préposés/préposées à l'entretien ménager et au nettoyage - travaux légers,228000,37000,70100,15800,122900,33500,47700,39500,120700,Balance,Balance
65311,Specialized cleaners,Nettoyeurs spécialisés/nettoyeuses spécialisées,41900,4000,6500,2100,12600,14400,5400,-7500,12300,Balance,Balance
65312,"Janitors, caretakers and heavy-duty cleaners",Concierges et nettoyeurs/nettoyeuses – gros travaux,107000,3200,40000,8000,51200,14500,14700,21200,50400,Balance,Balance
65320,"Dry cleaning, laundry and related occupations",Personnel de blanchisseries et d'établissements de nettoyage à sec et personnel assimilé,13900,700,5200,1100,7000,1500,2400,2400,6300,Balance,Balance
65329,Other service support occupations,Autre personnel de soutien en service,24500,700,5700,1700,8200,7700,2400,-1500,8600,Balance,Balance
70010,Construction managers,Directeurs/directrices de la construction,108900,15300,22100,7200,44600,4200,11700,12000,27900,Balance,Moderate risk of Shortage
70011,Home building and renovation managers,Gestionnaires en construction et rénovation domiciliaire,146000,20600,41800,10000,72400,2600,15200,17900,35700,Balance,Moderate risk of Shortage
70012,Facility operation and maintenance managers,Directeurs/directrices de l'exploitation et de l'entretien d'immeubles,35300,4000,10200,2400,16500,1000,3000,13000,16900,Balance,Balance
70020,Managers in transportation,Directeurs/directrices des transports,37700,5300,8200,2400,15800,1100,3500,12100,16700,Balance,Balance
70021,Postal and courier services managers,Directeurs/directrices des services postaux et de messageries,3300,500,700,200,1400,100,300,1000,1400,Balance,Balance
72010,"Contractors and supervisors, machining, metal forming, shaping and erecting trades and related occupations","Entrepreneurs/entrepreneuses et contremaîtres/contremaîtresses des machinistes et du personnel des métiers du formage, du profilage et du montage des métaux et personnel assimilé",20200,2200,4000,1300,7500,1400,900,5600,7900,Balance,Balance
72011,"Contractors and supervisors, electrical trades and telecommunications occupations",Entrepreneurs/entrepreneuses et contremaîtres/contremaîtresses en électricité et en télécommunications,32400,3000,6500,2000,11500,5400,1500,4700,11700,Balance,Balance
72012,"Contractors and supervisors, pipefitting trades",Entrepreneurs/entrepreneuses et contremaîtres/contremaîtresses en tuyauterie,14100,1900,3100,800,5900,2100,700,3200,6100,Balance,Balance
72013,"Contractors and supervisors, carpentry trades",Entrepreneurs/entrepreneuses et contremaîtres/contremaîtresses en charpenterie,31500,4600,6400,1900,12800,7200,1700,1800,10700,Balance,Balance
72014,"Contractors and supervisors, other construction trades, installers, repairers and servicers",Entrepreneurs/entrepreneuses et contremaîtres/contremaîtresses des autres métiers de la construction et des services de réparation et d'installation,63000,2300,14200,4000,20500,6900,5700,4900,17500,Balance,Balance
72020,"Contractors and supervisors, mechanic trades",Entrepreneurs/entrepreneuses et contremaîtres/contremaîtresses en mécanique,73800,8700,20200,4800,33700,8400,2300,23500,34200,Balance,Balance
72021,"Contractors and supervisors, heavy equipment operator crews",Entrepreneurs/entrepreneuses et contremaîtres/contremaîtresses des équipes d'opérateurs d'équipement lourd,64000,9000,13100,4000,26100,9200,2000,12700,23900,Balance,Balance
72022,"Supervisors, printing and related occupations",Surveillants/surveillantes de l'imprimerie et du personnel assimilé,5100,0,2700,500,3200,400,500,1800,2600,Balance,Balance
72023,"Supervisors, railway transport operations",Surveillants/surveillantes des opérations du transport ferroviaire,1300,100,200,100,400,400,100,-100,400,Balance,Balance
72024,"Supervisors, motor transport and other ground transit operators",Surveillants/surveillantes du transport routier et du transport en commun,35500,5400,11500,2500,19300,5000,3200,11200,19400,Balance,Balance
72025,"Supervisors, mail and message distribution occupations",Superviseurs/superviseures de services postaux et de messageries,11200,800,3700,800,5300,1300,700,3300,5300,Balance,Balance
72100,Machinists and machining and tooling inspectors,Machinistes et vérificateurs/vérificatrices d'usinage et d'outillage,43400,1000,12300,2900,16200,8100,3600,4000,15700,Moderate signs of Shortage,Moderate risk of Shortage
72101,Tool and die makers,Outilleurs-ajusteurs/outilleuses-ajusteuses,11700,200,3700,900,4900,2300,600,1700,4600,Balance,Balance
72102,Sheet metal workers,Tôliers/tôlières,13900,1100,2800,800,4700,3800,600,400,4800,Moderate signs of Shortage,Moderate risk of Shortage
72103,Boilermakers,Chaudronniers/chaudronnières,2800,300,600,200,1100,800,200,200,1100,Balance,Balance
72104,Structural metal and platework fabricators and fitters,Assembleurs/assembleuses et ajusteurs/ajusteuses de plaques et de charpentes métalliques,4300,-100,900,300,1100,1600,400,-700,1300,Moderate signs of Shortage,Balance
72105,Ironworkers,Monteurs/monteuses de charpentes métalliques,14700,2000,2000,800,4800,5800,1900,-1300,6400,Balance,Balance
72106,Welders and related machine operators,Soudeurs/soudeuses et opérateurs/opératrices de machines à souder et à braser,90900,5600,14900,5000,25600,30000,8000,-13000,25000,Moderate signs of Shortage,Moderate risk of Shortage
72200,Electricians (except industrial and power system),Électriciens/électriciennes (sauf électriciens industriels/électriciennes industrielles et de réseaux électriques),119300,35600,14100,6600,56300,61800,5200,-11100,55800,Moderate signs of Shortage,Moderate risk of Shortage
72201,Industrial electricians,Électriciens industriels/électriciennes industrielles,35600,3000,9000,2300,14300,9300,1700,3800,14900,Moderate signs of Shortage,Moderate risk of Shortage
72202,Power system electricians,Électriciens/électriciennes de réseaux électriques,4600,800,400,200,1400,1500,100,-100,1500,Balance,Balance
72203,Electrical power line and cable workers,Monteurs/monteuses de lignes électriques et de câbles,12900,1100,1500,600,3200,5000,300,-2000,3200,Balance,Balance
72204,Telecommunications line and cable installers and repairers,Installateurs/installatrices et réparateurs/réparatrices de lignes et de câbles de télécommunications,10100,500,1900,600,3000,2900,1300,-1500,2700,Balance,Balance
72205,Telecommunications equipment installation and cable television service technicians,Techniciens/techniciennes en installation de matériel de télécommunication et en services de câblodistribution,25900,3800,5100,1600,10500,7800,3400,-400,10800,Balance,Balance
72300,Plumbers,Plombiers/plombières,59900,12700,6800,3300,22800,28500,3100,-7600,24000,Moderate signs of Shortage,Moderate risk of Shortage
72301,"Steamfitters, pipefitters and sprinkler system installers","Tuyauteurs/tuyauteuses, monteurs/monteuses d'appareils de chauffage et poseurs/poseuses de gicleurs",25800,2300,2600,1500,6300,7700,1200,-1800,7100,Balance,Balance
72302,Gas fitters,Monteurs/monteuses d'installations au gaz,5500,300,800,300,1400,2100,200,-900,1400,Moderate signs of Shortage,Moderate risk of Shortage
72310,Carpenters,Charpentiers-menuisiers/charpentières-menuisières,132000,15600,21500,7600,44700,53700,10600,-25500,38800,Strong signs of Shortage,Strong risk of Shortage
72311,Cabinetmakers,Ébénistes,5200,100,1300,400,1800,1800,500,-500,1800,Moderate signs of Shortage,Moderate risk of Shortage
72320,Bricklayers,Briqueteurs-maçons/briqueteuses-maçonnes,10700,800,1800,600,3300,2500,1100,-500,3100,Moderate signs of Shortage,Moderate risk of Shortage
72321,Insulators,Calorifugeurs/calorifugeuses,9700,1700,1000,600,3300,1800,1000,600,3500,Balance,Balance
72400,Construction millwrights and industrial mechanics,Mécaniciens/mécaniciennes de chantier et mécaniciens industriels/mécaniciennes industrielles,88500,5300,25500,5200,36000,25200,4200,6600,36000,Moderate signs of Shortage,Moderate risk of Shortage
72401,Heavy-duty equipment mechanics,Mécaniciens/mécaniciennes d'équipement lourd,70600,10000,12700,3800,26500,26700,2600,-3100,26100,Strong signs of Shortage,Strong risk of Shortage
72402,"Heating, refrigeration and air conditioning mechanics","Mécaniciens/mécaniciennes en chauffage, réfrigération et climatisation",46100,10300,8800,2700,21800,20500,2200,-900,21800,Strong signs of Shortage,Strong risk of Shortage
72403,Railway carmen/women,Réparateurs/réparatrices de wagons,3100,200,500,200,900,700,100,-100,600,Balance,Balance
72404,Aircraft mechanics and aircraft inspectors,Mécaniciens/mécaniciennes et contrôleurs/contrôleuses d'aéronefs,18500,3200,5000,1300,9500,6800,1600,1200,9600,Moderate signs of Shortage,Moderate risk of Shortage
72405,Machine fitters,Ajusteurs/ajusteuses de machines,N/A,N/A,N/A,N/A,N/A,N/A,N/A,N/A,N/A,N/A,N/A
72406,Elevator constructors and mechanics,Constructeurs/constructrices et mécaniciens/mécaniciennes d'ascenseurs,6000,1200,700,300,2100,1400,100,-200,1300,Balance,Balance
72410,"Automotive service technicians, truck and bus mechanics and mechanical repairers","Mécaniciens/mécaniciennes et réparateurs/réparatrices de véhicules automobiles, de camions et d'autobus",140400,15400,29500,7800,52600,53400,9400,-11200,51600,Moderate signs of Shortage,Moderate risk of Shortage
72411,"Auto body collision, refinishing and glass technicians and damage repair estimators","Techniciens/techniciennes en collision, en carrosserie, en peinture et en glace de véhicule automobile et estimateurs/estimatrices de dommages",29700,1700,6200,1700,9700,8500,2300,0,10800,Moderate signs of Shortage,Balance
72420,Oil and solid fuel heating mechanics,Installateurs/installatrices de brûleurs à l'huile et à combustibles solides,2100,300,900,200,1300,1600,100,-400,1200,Balance,Balance
72421,Appliance servicers and repairers,Réparateurs/réparatrices et préposés/préposées à l'entretien d'appareils,3900,200,1700,300,2200,800,600,400,1900,Balance,Balance
72422,Electrical mechanics,Électromécaniciens/électromécaniciennes,10900,1800,1800,700,4300,5700,900,-1900,4700,Strong signs of Shortage,Moderate risk of Shortage
72423,"Motorcycle, all-terrain vehicle and other related mechanics","Mécaniciens/mécaniciennes de motocyclettes, de véhicules tout-terrain et personnel mécanicien assimilé",12500,900,3000,900,4800,2300,400,2600,5400,Balance,Balance
72429,Other small engine and small equipment repairers,Autres réparateurs/réparatrices de petits moteurs et de petits équipements,3500,200,1100,300,1500,700,200,700,1500,Balance,Balance
72500,Crane operators,Grutiers/grutières,16600,1700,3200,1000,5900,2700,600,2600,5900,Balance,Balance
72501,Water well drillers,Foreurs/foreuses de puits d'eau,1200,300,100,100,500,200,0,0,100,Balance,Moderate risk of Shortage
72600,"Air pilots, flight engineers and flying instructors","Pilotes, navigateurs/navigatrices et instructeurs/instructrices de pilotage du transport aérien",19200,3400,4200,1200,8700,4800,1000,-500,5300,Moderate signs of Shortage,Strong risk of Shortage
72601,Air traffic controllers and related occupations,Contrôleurs aériens/contrôleuses aériennes et personnel assimilé,4600,500,600,300,1400,700,300,-200,800,Balance,Balance
72602,"Deck officers, water transport",Officiers/officières de pont du transport par voies navigables,6200,500,1800,400,2700,1500,400,100,1900,Balance,Balance
72603,"Engineer officers, water transport",Officiers mécaniciens/officières mécaniciennes du transport par voies navigables,4100,600,800,300,1700,1000,400,0,1400,Balance,Balance
72604,Railway traffic controllers and marine traffic regulators,Contrôleurs/contrôleuses de la circulation ferroviaire et régulateurs/régulatrices de la circulation maritime,N/A,N/A,N/A,N/A,N/A,N/A,N/A,N/A,N/A,N/A,N/A
72999,Other technical trades and related occupations,Autres métiers techniques et personnel assimilé,9700,1000,2400,600,4000,2300,600,1500,4300,Moderate signs of Shortage,Moderate risk of Shortage
73100,Concrete finishers,Finisseurs/finisseuses de béton,13400,1900,1600,800,4300,2500,2200,-400,4300,Moderate signs of Shortage,Moderate risk of Shortage
73101,Tilesetters,Carreleurs/carreleuses,10100,1400,1200,600,3200,2300,2600,-1300,3700,Balance,Balance
73102,"Plasterers, drywall installers and finishers and lathers","Plâtriers/plâtrières, poseurs/poseuses et finisseurs/finisseuses de systèmes intérieurs et latteurs/latteuses",27500,1600,4200,1700,7400,5900,4200,-3200,6900,Balance,Balance
73110,Roofers and shinglers,Couvreurs/couvreuses et poseurs/poseuses de bardeaux,23000,3700,2400,1300,7500,5800,2700,-300,8200,Moderate signs of Shortage,Moderate risk of Shortage
73111,Glaziers,Vitriers/vitrières,5400,700,1100,400,2200,2500,1100,-1900,1700,Balance,Balance
73112,Painters and decorators (except interior decorators),Peintres et décorateurs/décoratrices (sauf décorateurs/décoratrices d'intérieur),39200,2000,9800,2500,14300,7400,6300,100,13800,Moderate signs of Shortage,Moderate risk of Shortage
73113,Floor covering installers,Poseurs/poseuses de revêtements d'intérieur,16600,2000,3100,1100,6100,1900,2400,2000,6200,Moderate signs of Shortage,Moderate risk of Shortage
73200,Residential and commercial installers and servicers,"Personnel d'installation, d'entretien et de réparation d'équipement résidentiel et commercial",57400,4200,11100,3400,18700,14500,6700,-5100,16100,Balance,Balance
73201,General building maintenance workers and building superintendents,Préposés à l’entretien général et surintendants/surintendantes,76400,15000,27400,6100,48500,8600,6900,31500,47000,Balance,Balance
73202,Pest controllers and fumigators,Fumigateurs/fumigatrices et préposés/préposées au contrôle de la vermine,3500,800,1300,300,2400,800,400,900,2000,Balance,Balance
73209,Other repairers and servicers,Autres réparateurs/réparatrices et préposés/préposées à l'entretien,16600,1900,3500,1100,6500,3400,1300,1900,6500,Balance,Balance
73300,Transport truck drivers,Conducteurs/conductrices de camions de transport,319400,42300,83700,23000,148900,49100,55700,34600,139400,Moderate signs of Shortage,Moderate risk of Shortage
73301,"Bus drivers, subway operators and other transit operators",Conducteurs/conductrices d'autobus et opérateurs/opératrices de métro et autres transports en commun,101000,17100,41000,9600,67800,7100,5300,57200,69700,Moderate signs of Shortage,Balance
73310,Railway and yard locomotive engineers,Mécaniciens/mécaniciennes de locomotive et de cour de triage,6200,600,1400,500,2500,900,200,1700,2800,Balance,Balance
73311,Railway conductors and brakemen/women,Chefs de train et serre-freins,5700,300,200,300,900,2500,400,-2100,800,Balance,Balance
73400,Heavy equipment operators,Conducteurs/conductrices d'équipement lourd,75900,8500,17000,4800,30300,21200,1900,5400,28600,Balance,Balance
73401,Printing press operators,Opérateurs/opératrices de presses à imprimer,14600,-500,5200,1200,5800,1400,1300,2000,4700,Balance,Balance
73402,"Drillers and blasters - surface mining, quarrying and construction","Foreurs/foreuses et dynamiteurs/dynamiteuses de mines à ciel ouvert, de carrières et de chantiers de construction",2200,300,400,100,800,500,100,200,900,Balance,Balance
74100,Mail and parcel sorters and related occupations,Trieurs/trieuses de courrier et de colis et professions connexes,22200,2800,7700,1700,12100,2800,2300,6900,12000,Balance,Balance
74101,Letter carriers,Facteurs/factrices,33000,3900,10300,2200,16500,3900,1700,10500,16100,Balance,Balance
74102,Couriers and messengers,Messagers/messagères,20100,3000,5400,1500,9800,5600,2100,2500,10200,Balance,Balance
74200,Railway yard and track maintenance workers,Ouvriers/ouvrières de gares de triage et à l'entretien de la voie ferrée,7600,200,900,400,1500,1200,400,300,1900,Balance,Balance
74201,Water transport deck and engine room crew,Matelots de pont et matelots de salle des machines du transport par voies navigables,5500,400,1100,300,1800,1800,300,-1100,1000,Balance,Moderate risk of Shortage
74202,Air transport ramp attendants,Agents/agentes de piste dans le transport aérien,13600,1500,2000,800,4200,5000,1200,-1900,4300,Balance,Balance
74203,Automotive and heavy truck and equipment parts installers and servicers,Préposés/préposées à la pose et à l'entretien des pièces mécaniques d'automobiles et de camions et équipements lourds,14900,1100,1200,700,3000,6200,1500,-4400,3300,Balance,Balance
74204,Utility maintenance workers,Personnel d'entretien des services publics,8100,900,1600,500,3000,1600,500,700,2800,Balance,Balance
74205,Public works maintenance equipment operators and related workers,Conducteurs/conductrices de machinerie d'entretien public et personnel assimilé,29800,3600,10100,2000,15700,5300,900,9600,15800,Balance,Balance
75100,Longshore workers,Débardeurs/débardeuses,7300,1200,1500,500,3200,1900,2000,-900,3000,Strong signs of Surplus,Moderate risk of Surplus
75101,Material handlers,Manutentionnaires,229400,25300,44000,13900,83200,61000,49800,-27500,83300,Balance,Balance
75110,Construction trades helpers and labourers,Aides de soutien des métiers et manoeuvres en construction,143200,18200,12200,7900,38200,52200,16200,-34000,34400,Moderate signs of Shortage,Moderate risk of Shortage
75119,Other trades helpers and labourers,Autres manoeuvres et aides de soutien de métiers,7300,200,800,400,1500,3700,700,-2600,1700,Balance,Balance
75200,Taxi and limousine drivers and chauffeurs,"Chauffeurs/chauffeuses de taxi, chauffeurs/chauffeuses de limousine et chauffeurs/chauffeuses",62100,10200,17500,4800,32500,8800,15400,8300,32500,Balance,Balance
75201,Delivery service drivers and door-to-door distributors,Chauffeurs-livreurs/chauffeuses-livreuses de services de livraison et distributeurs/distributrices porte-à-porte,97900,13100,28400,6900,48400,21200,24700,900,46900,Balance,Balance
75210,Boat and cable ferry operators and related occupations,"Opérateurs/opératrices de bateau à moteur, de bac à câble et personnel assimilé",2600,300,1000,300,1600,800,100,800,1700,Balance,Balance
75211,Railway and motor transport labourers,Manoeuvres dans le transport ferroviaire et routier,4600,700,700,300,1700,1800,600,-700,1700,Balance,Balance
75212,Public works and maintenance labourers,Manoeuvres à l'entretien des travaux publics,28100,2900,5300,1600,9800,5600,1400,3800,10800,Balance,Balance
80010,Managers in natural resources production and fishing,Directeurs/directrices de l'exploitation des ressources naturelles et de la pêche,13800,2200,3900,900,7000,200,900,4200,5300,Balance,Balance
80020,Managers in agriculture,Gestionnaires en agriculture,122400,-12500,53100,11600,52100,1600,3000,29600,34200,Balance,Balance
80021,Managers in horticulture,Gestionnaires en horticulture,7300,-200,1700,600,2100,100,300,1600,2000,Balance,Balance
80022,Managers in aquaculture,Gestionnaires en aquaculture,N/A,N/A,N/A,N/A,N/A,N/A,N/A,N/A,N/A,N/A,N/A
82010,"Supervisors, logging and forestry",Surveillants/surveillantes de l'exploitation forestière,4900,400,900,400,1700,1700,200,-500,1400,Balance,Balance
82020,"Supervisors, mining and quarrying",Surveillants/surveillantes de l'exploitation des mines et des carrières,8500,700,2200,500,3400,1100,200,1400,2700,Balance,Balance
82021,"Contractors and supervisors, oil and gas drilling and services",Entrepreneurs/entrepreneuses et surveillants/surveillantes du forage et des services reliés à l'extraction de pétrole et de gaz,17900,2100,2800,1100,6100,700,600,4000,5300,Moderate signs of Shortage,Moderate risk of Shortage
82030,Agricultural service contractors and farm supervisors,Entrepreneurs/entrepreneuses de services agricoles et surveillants/surveillantes d'exploitations agricoles,8700,800,1100,500,2500,2600,800,-1200,2200,Balance,Balance
82031,"Contractors and supervisors, landscaping, grounds maintenance and horticulture services","Entrepreneurs/entrepreneuses et superviseurs/superviseures des services de l'aménagement paysager, de l'entretien des terrains et de l'horticulture",25200,1200,2600,1500,5300,7000,1700,-2400,6400,Balance,Balance
83100,Underground production and development miners,"Mineurs/mineuses d'extraction et de préparation, mines souterraines",29400,3600,4700,1700,9900,6100,200,4200,10500,Balance,Balance
83101,"Oil and gas well drillers, servicers, testers and related workers",Foreurs/foreuses et personnel de mise à l'essai et des autres services reliés à l'extraction de pétrole et de gaz,23500,2500,5400,1500,9400,3900,2200,4100,10200,Moderate signs of Shortage,Balance
83110,Logging machinery operators,Conducteurs/conductrices de machines d'abattage d'arbres,7800,1500,3500,700,5700,2100,100,2600,4900,Balance,Balance
83120,Fishing masters and officers,Capitaines et officiers/officières de bâtiments de pêche,N/A,N/A,N/A,N/A,N/A,N/A,N/A,N/A,N/A,N/A,N/A
83121,Fishermen/women,Pêcheurs indépendants/pêcheuses indépendantes,10600,-300,3300,1000,3900,1700,100,800,2600,Balance,Balance
84100,Underground mine service and support workers,Travailleurs/travailleuses d'entretien et de soutien des mines souterraines,3100,100,600,200,800,800,100,-100,800,Balance,Balance
84101,Oil and gas well drilling and related workers and services operators,Travailleurs/travailleuses du forage et de l'entretien des puits de pétrole et de gaz et personnel assimilé,4300,0,700,200,1000,700,200,200,1200,Balance,Balance
84110,Chain saw and skidder operators,Opérateurs/opératrices de scies à chaîne et d'engins de débardage,4200,300,1000,400,1700,900,100,500,1400,Balance,Balance
84111,Silviculture and forestry workers,Ouvriers/ouvrières en sylviculture et en exploitation forestière,3000,500,100,200,800,1900,100,-700,1300,Balance,Moderate risk of Surplus
84120,Specialized livestock workers and farm machinery operators,Ouvriers spécialisés/ouvrières spécialisées dans l’élevage et opérateurs/opératrices de machineries agricoles,29100,2900,4700,1700,9400,6700,2400,-2000,7100,Strong signs of Shortage,Strong risk of Shortage
84121,Fishing vessel deckhands,Matelots de pont sur les bâtiments de pêche,3300,-200,1000,300,1100,1400,100,-600,800,Balance,Balance
85100,Livestock labourers,Manoeuvres aux soins du bétail,30600,-600,4800,1700,5800,10100,4500,-10200,4500,Strong signs of Shortage,Strong risk of Shortage
85101,Harvesting labourers,Manoeuvres à la récolte,22900,-1600,4600,1500,4500,8800,4700,-11100,2500,Strong signs of Shortage,Strong risk of Shortage
85102,Aquaculture and marine harvest labourers,Manoeuvres de l'aquaculture et de la mariculture,3100,100,500,200,800,700,200,-100,800,Balance,Balance
85103,Nursery and greenhouse labourers,Manoeuvres de pépinières et de serres,22200,800,3000,1400,5100,7100,2400,-3500,5900,Strong signs of Shortage,Moderate risk of Shortage
85104,Trappers and hunters,Trappeurs/trappeuses et chasseurs/chasseuses,N/A,N/A,N/A,N/A,N/A,N/A,N/A,N/A,N/A,N/A,N/A
85110,Mine labourers,Manoeuvres des mines,3100,-100,200,200,300,900,100,-800,300,Moderate signs of Shortage,Moderate risk of Shortage
85111,"Oil and gas drilling, servicing and related labourers","Manoeuvres de forage et d'entretien des puits de pétrole et de gaz, et personnel assimilé",5100,300,200,300,800,1300,300,-400,1200,Moderate signs of Shortage,Balance
85120,Logging and forestry labourers,Manoeuvres de l'exploitation forestière,2300,200,400,200,800,1600,100,-800,1000,Balance,Balance
85121,Landscaping and grounds maintenance labourers,Manoeuvres en aménagement paysager et en entretien des terrains,80300,15100,16500,5200,36800,38600,4200,-6200,36500,Balance,Balance
90010,Manufacturing managers,Directeurs/directrices de la fabrication,110100,7900,31400,7400,46700,3800,10200,21900,35900,Balance,Balance
90011,Utilities managers,Directeurs/directrices des services d'utilité publique,16400,2000,4000,1100,7100,500,800,6000,7300,Balance,Balance
92010,"Supervisors, mineral and metal processing",Surveillants/surveillantes dans la transformation des métaux et des minerais,10100,300,3200,600,4100,1700,500,1800,4000,Balance,Balance
92011,"Supervisors, petroleum, gas and chemical processing and utilities","Surveillants/surveillantes dans le raffinage du pétrole, dans le traitement du gaz et des produits chimiques et dans les services d'utilité publique",19900,1900,4800,1400,8100,2200,1000,5000,8100,Balance,Balance
92012,"Supervisors, food and beverage processing",Surveillants/surveillantes dans la transformation des aliments et des boissons,26800,4000,6200,1600,11800,6900,5900,-900,11900,Balance,Balance
92013,"Supervisors, plastic and rubber products manufacturing",Surveillants/surveillantes dans la fabrication de produits en caoutchouc et en plastique,9400,1900,2900,700,5500,1400,700,2800,4900,Balance,Balance
92014,"Supervisors, forest products processing",Surveillants/surveillantes dans la transformation des produits forestiers,11300,-400,3700,700,3900,1600,600,1500,3700,Balance,Balance
92015,"Supervisors, textile, fabric, fur and leather products processing and manufacturing","Surveillants/surveillantes dans la transformation et la fabrication de produits textiles, de tissus, de fourrure et de cuir",3400,-100,1400,300,1600,600,500,200,1200,Balance,Balance
92020,"Supervisors, motor vehicle assembling",Surveillants/surveillantes dans la fabrication de véhicules automobiles,13000,2600,3400,900,6800,1800,700,4100,6600,Balance,Balance
92021,"Supervisors, electronics and electrical products manufacturing",Surveillants/surveillantes dans la fabrication de matériel électronique et d'appareils électriques,4400,300,1900,300,2600,1000,800,800,2600,Balance,Balance
92022,"Supervisors, furniture and fixtures manufacturing",Surveillants/surveillantes dans la fabrication de meubles et d'accessoires,5700,-200,2500,400,2800,600,1000,700,2200,Balance,Balance
92023,"Supervisors, other mechanical and metal products manufacturing",Surveillants/surveillantes dans la fabrication d'autres produits métalliques et de pièces mécaniques,18600,400,6000,1100,7500,4200,2900,-900,6200,Balance,Balance
92024,"Supervisors, other products manufacturing and assembly",Surveillants/surveillantes dans la fabrication et le montage de produits divers,12600,200,3700,800,4700,1700,1500,-400,2800,Balance,Balance
92100,Power engineers and power systems operators,Mécaniciens/mécaniciennes de centrales et opérateurs/opératrices de réseaux électriques,27600,700,7300,1600,9600,7000,1400,1500,9900,Balance,Balance
92101,Water and waste treatment plant operators,Opérateurs/opératrices d'installations du traitement de l'eau et des déchets,11800,2000,2700,700,5400,3200,700,1500,5300,Balance,Balance
93100,"Central control and process operators, mineral and metal processing",Opérateurs/opératrices de poste central de contrôle et de conduite de procédés industriels dans le traitement des métaux et des minerais,N/A,N/A,N/A,N/A,N/A,N/A,N/A,N/A,N/A,N/A,N/A
93101,"Central control and process operators, petroleum, gas and chemical processing",Opérateurs/opératrices de salle de commande centrale et de conduite de procédés industriels dans le raffinage du pétrole et le traitement du gaz et des produits chimiques,16200,100,2500,800,3400,4400,800,-1800,3400,Balance,Balance
93102,"Pulping, papermaking and coating control operators","Opérateurs/opératrices au contrôle de la réduction en pâte des pâtes et papiers, de la fabrication du papier et du couchage",N/A,N/A,N/A,N/A,N/A,N/A,N/A,N/A,N/A,N/A,N/A
93200,Aircraft assemblers and aircraft assembly inspectors,Monteurs/monteuses d'aéronefs et contrôleurs/contrôleuses de montage d'aéronefs,9900,600,3300,600,4500,3800,1000,-500,4300,Balance,Balance
94100,"Machine operators, mineral and metal processing",Opérateurs/opératrices de machines dans le traitement des métaux et des minerais,14200,1100,2800,800,4800,3100,700,1000,4900,Balance,Balance
94101,Foundry workers,Ouvriers/ouvrières de fonderies,N/A,N/A,N/A,N/A,N/A,N/A,N/A,N/A,N/A,N/A,N/A
94102,Glass forming and finishing machine operators and glass cutters,Opérateurs/opératrices de machines à former et à finir le verre et coupeurs/coupeuses de verre,N/A,N/A,N/A,N/A,N/A,N/A,N/A,N/A,N/A,N/A,N/A
94103,"Concrete, clay and stone forming operators","Opérateurs/opératrices de machines dans le façonnage et la finition des produits en béton, en argile ou en pierre",4600,0,1000,300,1300,1000,700,-600,1000,Balance,Balance
94104,"Inspectors and testers, mineral and metal processing",Contrôleurs/contrôleuses et essayeurs/essayeuses dans la transformation des métaux et des minerais,4300,-200,700,300,800,400,300,-100,600,Balance,Balance
94105,Metalworking and forging machine operators,Opérateurs/opératrices de machines à forger et à travailler les métaux,26200,600,9300,1800,11600,6700,3300,1000,11100,Balance,Balance
94106,Machining tool operators,Opérateurs/opératrices de machines d'usinage,11900,700,4400,800,6000,2400,1500,2000,6000,Balance,Balance
94107,Machine operators of other metal products,Opérateurs/opératrices de machines d'autres produits métalliques,38100,3000,7700,2300,13000,6600,3700,-800,9500,Balance,Balance
94110,Chemical plant machine operators,Opérateurs/opératrices d'installations de traitement des produits chimiques,14400,900,5200,1000,7000,3800,2800,300,6900,Balance,Balance
94111,Plastics processing machine operators,Opérateurs/opératrices de machines de traitement des matières plastiques,15000,600,6300,1100,7900,1100,3900,2600,7600,Balance,Balance
94112,Rubber processing machine operators and related workers,Opérateurs/opératrices de machines de transformation du caoutchouc et personnel assimilé,5400,-200,2000,300,2100,1200,500,-200,1600,Balance,Balance
94120,Sawmill machine operators,Opérateurs/opératrices de machines à scier dans les scieries,7200,100,2500,500,3100,1600,700,700,3000,Balance,Balance
94121,"Pulp mill, papermaking and finishing machine operators",Opérateurs/opératrices de machines dans la fabrication et la finition du papier dans les usines de pâte à papier,7700,-600,2500,500,2400,1700,400,100,2200,Balance,Balance
94122,Paper converting machine operators,Opérateurs/opératrices de machines à façonner le papier,6300,-200,2300,500,2500,400,500,-300,600,Moderate signs of Shortage,Strong risk of Shortage
94123,Lumber graders and other wood processing inspectors and graders,Classeurs/classeuses de bois d'oeuvre et autres vérificateurs/vérificatrices et classeurs/classeuses dans la transformation du bois,2900,-100,1300,200,1400,400,100,1000,1500,Balance,Balance
94124,Woodworking machine operators,Opérateurs/opératrices de machines à travailler le bois,6400,-300,2200,400,2300,800,1000,100,1900,Balance,Balance
94129,Other wood processing machine operators,Autres opérateurs/opératrices de machines dans la transformation du bois,4200,100,1800,300,2200,1000,500,900,2300,Balance,Balance
94130,"Textile fibre and yarn, hide and pelt processing machine operators and workers","Opérateurs/opératrices de machines et travailleurs/travailleuses de traitement des fibres et des fils textiles, du cuir et des peaux",2300,0,300,200,500,400,200,-300,300,Balance,Balance
94131,"Weavers, knitters and other fabric making occupations","Tisseurs/tisseuses, tricoteurs/tricoteuses et autres opérateurs/opératrices de machines textiles",N/A,N/A,N/A,N/A,N/A,N/A,N/A,N/A,N/A,N/A,N/A
94132,Industrial sewing machine operators,Opérateurs/opératrices de machines à coudre industrielles,17700,-300,8200,1500,9500,2000,5000,1800,8800,Balance,Balance
94133,"Inspectors and graders, textile, fabric, fur and leather products manufacturing","Contrôleurs/contrôleuses et trieurs/trieuses dans la fabrication de produits textiles, de tissus, de fourrure et de cuir",N/A,N/A,N/A,N/A,N/A,N/A,N/A,N/A,N/A,N/A,N/A
94140,"Process control and machine operators, food and beverage processing",Opérateurs/opératrices de machines et de procédés industriels dans la transformation des aliments et des boissons,66300,7000,13900,4200,25000,14000,19600,-9000,24600,Balance,Balance
94141,"Industrial butchers and meat cutters, poultry preparers and related workers","Bouchers industriels/bouchères industrielles, dépeceurs-découpeurs/dépeceuses-découpeuses de viande, préparateurs/préparatrices de volaille et personnel assimilé",18600,400,3900,1200,5500,3200,7000,-5300,5000,Strong signs of Shortage,Strong risk of Shortage
94142,Fish and seafood plant workers,Ouvriers/ouvrières dans les usines de transformation du poisson et de fruits de mer,3300,200,1600,300,2100,1000,900,300,2200,Strong signs of Shortage,Strong risk of Shortage
94143,"Testers and graders, food and beverage processing",Échantillonneurs/échantillonneuses et trieurs/trieuses dans la transformation des aliments et des boissons,8700,800,1700,600,3000,2600,2000,-600,3900,Balance,Balance
94150,Plateless printing equipment operators,Opérateurs/opératrices d'équipement d'impression sans plaque,5800,400,800,400,1500,1200,700,-300,1600,Balance,Balance
94151,"Camera, platemaking and other prepress occupations","Photograveurs-clicheurs/photograveuses-clicheuses, photograveurs-reporteurs/photograveuses-reporteuses et autre personnel de prépresse",N/A,N/A,N/A,N/A,N/A,N/A,N/A,N/A,N/A,N/A,N/A
94152,Binding and finishing machine operators,Opérateurs/opératrices de machines à relier et de finition,1900,-200,1100,200,1000,200,300,500,1000,Balance,Balance
94153,Photographic and film processors,Développeurs/développeuses de films et de photographies,N/A,N/A,N/A,N/A,N/A,N/A,N/A,N/A,N/A,N/A,N/A
94200,"Motor vehicle assemblers, inspectors and testers","Assembleurs/assembleuses, contrôleurs/contrôleuses et vérificateurs/vérificatrices de véhicules automobiles",31100,3400,7700,2000,13100,5400,2600,6500,14500,Balance,Balance
94201,"Electronics assemblers, fabricators, inspectors and testers","Assembleurs/assembleuses, monteurs/monteuses, contrôleurs/contrôleuses et vérificateurs/vérificatrices de matériel électronique",18400,2000,8900,1400,12300,3700,3600,4300,11600,Balance,Balance
94202,"Assemblers and inspectors, electrical appliance, apparatus and equipment manufacturing","Monteurs/monteuses et contrôleurs/contrôleuses dans la fabrication de matériel, d'appareils et d'accessoires électriques",12200,1600,4400,800,6800,1900,3600,600,6100,Balance,Balance
94203,"Assemblers, fabricators and inspectors, industrial electrical motors and transformers","Assembleurs/assembleuses, monteurs/monteuses et contrôleurs/contrôleuses dans la fabrication de transformateurs et de moteurs électriques industriels",10800,800,4400,900,6100,1400,1700,-200,2800,Moderate signs of Shortage,Strong risk of Shortage
94204,Mechanical assemblers and inspectors,Monteurs/monteuses et contrôleurs/contrôleuses de matériel mécanique,17400,1500,5600,1200,8400,3300,3100,1900,8400,Balance,Balance
94205,"Machine operators and inspectors, electrical apparatus manufacturing",Opérateurs/opératrices de machines et contrôleurs/contrôleuses dans la fabrication d'appareils électriques,N/A,N/A,N/A,N/A,N/A,N/A,N/A,N/A,N/A,N/A,N/A
94210,"Furniture and fixture assemblers, finishers, refinishers and inspectors","Monteurs/monteuses, finisseurs/finisseuses, restaurateurs/restauratrices et contrôleurs/contrôleuses de meubles et d’accessoires",29700,400,9100,2100,11600,6500,3800,0,10300,Balance,Balance
94211,Assemblers and inspectors of other wood products,Monteurs/monteuses et contrôleurs/contrôleuses d'autres produits en bois,14000,1200,3100,900,5100,2100,1900,800,4800,Balance,Balance
94212,"Plastic products assemblers, finishers and inspectors","Assembleurs/assembleuses, finisseurs/finisseuses et contrôleurs/contrôleuses de produits en plastique",8800,1300,3100,700,5000,1500,2200,1200,5000,Balance,Balance
94213,"Industrial painters, coaters and metal finishing process operators","Peintres, enduiseurs/enduiseuses et opérateurs/opératrices de procédés dans le finissage du métal - secteur industriel",14700,1600,3600,1000,6200,3000,2000,700,5700,Balance,Balance
94219,"Other products assemblers, finishers and inspectors","Monteurs/monteuses, finisseurs/finisseuses et contrôleurs/contrôleuses de produits divers",38500,200,9700,2300,12200,8300,5800,-1700,12500,Balance,Balance
95100,Labourers in mineral and metal processing,Manoeuvres dans le traitement des métaux et des minerais,5000,-200,600,300,600,1500,600,-1800,300,Balance,Balance
95101,Labourers in metal fabrication,Manoeuvres en métallurgie,18200,1800,4300,1200,7200,4400,2800,200,7400,Moderate signs of Shortage,Moderate risk of Shortage
95102,Labourers in chemical products processing and utilities,Manoeuvres dans le traitement des produits chimiques et les services d'utilité publique,9800,1400,1900,700,4000,2400,900,900,4200,Balance,Balance
95103,"Labourers in wood, pulp and paper processing",Manoeuvres dans le traitement des pâtes et papiers et la transformation du bois,19300,400,3500,1100,5000,5100,1700,-1900,4900,Moderate signs of Shortage,Moderate risk of Shortage
95104,Labourers in rubber and plastic products manufacturing,Manoeuvres dans la fabrication des produits en caoutchouc et en plastique,6800,300,2100,600,2900,1400,1500,-200,2800,Balance,Balance
95105,Labourers in textile processing and cutting,Manoeuvres dans la fabrication et la coupe des produits du textile,3000,-300,800,200,800,300,600,-600,300,Balance,Balance
95106,Labourers in food and beverage processing,Manoeuvres dans la transformation des aliments et des boissons,53400,1300,9900,3200,14300,10900,15400,-11600,14700,Moderate signs of Shortage,Moderate risk of Shortage
95107,Labourers in fish and seafood processing,Manoeuvres dans la transformation du poisson et des fruits de mer,3400,-100,1500,300,1700,800,700,0,1500,Strong signs of Shortage,Strong risk of Shortage
95109,"Other labourers in processing, manufacturing and utilities","Autres manoeuvres des services de transformation, de fabrication et d'utilité publique",20900,-200,5300,1300,6400,5500,5100,-2900,7600,Balance,Balance